generation,individual_id,fitness,p_human,p_ai,p_mimicry,semantic_similarity,penalty,predicted_class,is_best
0,1,0.00000080,0.00000080,0.99998486,0.00001433,1.0000,0.0000,2,0
0,2,0.00000303,0.00000303,0.99979120,0.00020582,0.9243,0.0000,2,0
0,3,0.00000818,0.00000818,0.99862754,0.00136431,0.8634,0.0000,2,0
0,4,0.00000348,0.00000348,0.99993253,0.00006397,0.9218,0.0000,2,0
0,5,0.00000202,0.00000202,0.99994600,0.00005202,0.9297,0.0000,2,0
0,6,0.00000212,0.00000212,0.99990690,0.00009097,0.9220,0.0000,2,0
0,7,0.00000447,0.00000447,0.99988830,0.00010726,0.9196,0.0000,2,0
0,8,0.00000332,0.00000332,0.99993789,0.00005871,0.9132,0.0000,2,0
0,9,-100.00000000,0.00000335,0.99994171,0.00005497,0.8414,100.0000,2,0
0,10,0.00000353,0.00000353,0.99993491,0.00006146,0.9564,0.0000,2,0
0,11,0.00000276,0.00000276,0.99991131,0.00008592,0.9333,0.0000,2,0
0,12,0.00000183,0.00000183,0.99995613,0.00004204,0.9528,0.0000,2,0
0,13,-100.00000000,0.00000181,0.99993432,0.00006388,0.8490,100.0000,2,0
0,14,0.00000247,0.00000247,0.99993896,0.00005854,0.9434,0.0000,2,0
0,15,0.00002024,0.00002024,0.99838114,0.00159868,0.8939,0.0000,2,1
0,16,0.00000351,0.00000351,0.99956220,0.00043433,0.9155,0.0000,2,0
0,17,0.00000266,0.00000266,0.99990761,0.00008977,0.9433,0.0000,2,0
0,18,0.00000721,0.00000721,0.99981409,0.00017863,0.8836,0.0000,2,0
0,19,0.00000345,0.00000345,0.99968362,0.00031290,0.9112,0.0000,2,0
0,20,0.00000487,0.00000487,0.99959594,0.00039918,0.9020,0.0000,2,0
1,1,0.00002024,0.00002024,0.99838114,0.00159868,0.8939,0.0000,2,0
1,2,-99.99839020,0.00161090,0.99825948,0.00012954,0.7274,100.0000,2,0
1,3,-99.99937439,0.00062563,0.99919134,0.00018311,0.7710,100.0000,2,0
1,4,-99.99987030,0.00012640,0.99969542,0.00017820,0.7956,100.0000,2,0
1,5,-99.99997711,0.00002619,0.99876946,0.00120428,0.8448,100.0000,2,0
1,6,0.00000269,0.00000269,0.99986315,0.00013406,0.8623,0.0000,2,0
1,7,0.00000806,0.00000806,0.99956483,0.00042708,0.8639,0.0000,2,0
1,8,-99.99862671,0.00137702,0.99846411,0.00015885,0.7159,100.0000,2,0
1,9,0.00001183,0.00001183,0.99995661,0.00003163,0.8931,0.0000,2,0
1,10,0.00000600,0.00000600,0.99949729,0.00049673,0.8746,0.0000,2,0
1,11,-99.99998474,0.00001393,0.99989629,0.00008970,0.8143,100.0000,2,0
1,12,-99.99997711,0.00002067,0.99799865,0.00198061,0.8211,100.0000,2,0
1,13,0.00000718,0.00000718,0.99990463,0.00008824,0.9248,0.0000,2,0
1,14,0.00002042,0.00002042,0.99996102,0.00001859,0.8632,0.0000,2,1
1,15,-99.99884033,0.00116339,0.99871624,0.00012031,0.7587,100.0000,2,0
1,16,-100.00000000,0.00000271,0.99995017,0.00004703,0.8280,100.0000,2,0
1,17,-99.99994659,0.00005427,0.99986768,0.00007808,0.7140,100.0000,2,0
1,18,-99.99997711,0.00002389,0.99528956,0.00468664,0.8306,100.0000,2,0
1,19,0.00001833,0.00001833,0.99982351,0.00015820,0.9502,0.0000,2,0
1,20,-99.99994659,0.00005268,0.99340689,0.00654038,0.8460,100.0000,2,0
2,1,0.00002042,0.00002042,0.99996102,0.00001859,0.8632,0.0000,2,0
2,2,0.00016416,0.00016416,0.99980539,0.00003056,0.8721,0.0000,2,0
2,3,0.00009892,0.00009892,0.99985731,0.00004378,0.8622,0.0000,2,0
2,4,-99.99747467,0.00252585,0.99726772,0.00020649,0.7248,100.0000,2,0
2,5,-99.99890137,0.00109770,0.99860352,0.00029876,0.8048,100.0000,2,0
2,6,-99.99993134,0.00006510,0.99988866,0.00004620,0.8366,100.0000,2,0
2,7,-99.99992371,0.00007911,0.99977380,0.00014704,0.8060,100.0000,2,0
2,8,-99.99972534,0.00027821,0.99966013,0.00006158,0.8015,100.0000,2,0
2,9,0.00011574,0.00011574,0.99940693,0.00047742,0.8521,0.0000,2,0
2,10,-99.98824310,0.01175898,0.98802978,0.00021122,0.7868,100.0000,2,0
2,11,0.00196210,0.00196210,0.99792564,0.00011222,0.8511,0.0000,2,1
2,12,-99.99981689,0.00017998,0.99964988,0.00017013,0.7694,100.0000,2,0
2,13,-99.99986267,0.00013809,0.99973053,0.00013127,0.7709,100.0000,2,0
2,14,-99.99961853,0.00038285,0.99940395,0.00021328,0.8032,100.0000,2,0
2,15,-99.99982452,0.00017292,0.99979407,0.00003303,0.6025,100.0000,2,0
2,16,-99.99728394,0.00271750,0.99713045,0.00015201,0.6707,100.0000,2,0
2,17,-99.99948883,0.00051435,0.99936074,0.00012498,0.5864,100.0000,2,0
2,18,-99.99205780,0.00794187,0.99179757,0.00026055,0.8123,100.0000,2,0
2,19,-99.99717712,0.00282018,0.99703348,0.00014634,0.6225,100.0000,2,0
2,20,-99.99990082,0.00010246,0.99972314,0.00017434,0.7226,100.0000,2,0
3,1,0.00196210,0.00196210,0.99792564,0.00011222,0.8511,0.0000,2,1
3,2,-99.99913788,0.00086072,0.99905866,0.00008068,0.7568,100.0000,2,0
3,3,-99.99623108,0.00376792,0.99599993,0.00023208,0.8318,100.0000,2,0
3,4,-99.99580383,0.00419985,0.99559826,0.00020187,0.7032,100.0000,2,0
3,5,-99.99663544,0.00336230,0.99645352,0.00018429,0.6838,100.0000,2,0
3,6,-99.97904205,0.02095498,0.97862005,0.00042504,0.6817,100.0000,2,0
3,7,-99.99916840,0.00083009,0.99913043,0.00003959,0.7485,100.0000,2,0
3,8,-99.99949646,0.00050308,0.99931264,0.00018425,0.6458,100.0000,2,0
3,9,-99.99039459,0.00960692,0.99013573,0.00025733,0.7911,100.0000,2,0
3,10,-99.98793030,0.01207033,0.98770964,0.00022010,0.6508,100.0000,2,0
3,11,-99.99509430,0.00490513,0.99493378,0.00016111,0.7104,100.0000,2,0
3,12,-99.99803162,0.00197139,0.99786204,0.00016650,0.6608,100.0000,2,0
3,13,-99.98757935,0.01241740,0.98724014,0.00034244,0.8220,100.0000,2,0
3,14,-99.96512604,0.03487729,0.96473885,0.00038390,0.6363,100.0000,2,0
3,15,-99.98587036,0.01412914,0.98550987,0.00036097,0.7614,100.0000,2,0
3,16,-99.99324799,0.00675567,0.99305564,0.00018868,0.7527,100.0000,2,0
3,17,-99.98765564,0.01234145,0.98739642,0.00026208,0.6634,100.0000,2,0
3,18,-99.98606873,0.01393159,0.98593640,0.00013198,0.7432,100.0000,2,0
3,19,-99.98316956,0.01682785,0.98293704,0.00023508,0.6300,100.0000,2,0
3,20,-99.97714233,0.02286135,0.97687680,0.00026191,0.7399,100.0000,2,0
4,1,0.00196210,0.00196210,0.99792564,0.00011222,0.8511,0.0000,2,1
4,2,-99.84772491,0.15227690,0.84716487,0.00055828,0.6370,100.0000,2,0
4,3,-99.98532867,0.01466959,0.98498499,0.00034548,0.6798,100.0000,2,0
4,4,-99.97493744,0.02506140,0.97441804,0.00052047,0.5976,100.0000,2,0
4,5,-99.89717102,0.10282675,0.89637327,0.00079988,0.6163,100.0000,2,0
4,6,-99.96518707,0.03481582,0.96428895,0.00089522,0.5823,100.0000,2,0
4,7,-99.98192596,0.01807259,0.98152566,0.00040186,0.7032,100.0000,2,0
4,8,-99.97507477,0.02492625,0.97441286,0.00066095,0.6172,100.0000,2,0
4,9,-99.94551849,0.05447797,0.94483119,0.00069090,0.6476,100.0000,2,0
4,10,-99.98731232,0.01268403,0.98706788,0.00024822,0.6555,100.0000,2,0
4,11,-99.59825134,0.40174678,0.59743518,0.00081810,0.5394,100.0000,2,0
4,12,-99.97869873,0.02130454,0.97835767,0.00033775,0.5797,100.0000,2,0
4,13,-99.91677094,0.08322557,0.91640055,0.00037383,0.5615,100.0000,2,0
4,14,-99.97021484,0.02978400,0.96989352,0.00032244,0.5658,100.0000,2,0
4,15,-99.97949982,0.02050073,0.97924292,0.00025630,0.7042,100.0000,2,0
4,16,-99.99243927,0.00756344,0.99218255,0.00025400,0.6728,100.0000,2,0
4,17,-99.93561554,0.06438201,0.93517202,0.00044589,0.6311,100.0000,2,0
4,18,-99.96762085,0.03238019,0.96675742,0.00086240,0.6532,100.0000,2,0
4,19,-99.90836334,0.09163427,0.90796608,0.00039957,0.6144,100.0000,2,0
4,20,-99.97441864,0.02558301,0.97413117,0.00028579,0.6314,100.0000,2,0
5,1,0.00196210,0.00196210,0.99792564,0.00011222,0.8511,0.0000,2,1
5,2,-99.91500092,0.08500005,0.91442442,0.00057553,0.6080,100.0000,2,0
5,3,-99.45996094,0.54004002,0.45940778,0.00055230,0.4940,100.0000,1,0
5,4,-99.97802734,0.02197456,0.97759295,0.00043247,0.5441,100.0000,2,0
5,5,-99.94487000,0.05512670,0.94462198,0.00025138,0.5380,100.0000,2,0
5,6,-99.94744110,0.05255961,0.94627792,0.00116245,0.5402,100.0000,2,0
5,7,-99.53894043,0.46105590,0.53845650,0.00048757,0.5014,100.0000,2,0
5,8,-99.73967743,0.26032424,0.73812592,0.00154978,0.5910,100.0000,2,0
5,9,-99.89524078,0.10475669,0.89421535,0.00102800,0.5470,100.0000,2,0
5,10,-99.93119049,0.06881144,0.93081808,0.00037049,0.6112,100.0000,2,0
5,11,-99.38127899,0.61871731,0.38079798,0.00048466,0.4796,100.0000,1,0
5,12,-99.98636627,0.01363418,0.98572111,0.00064465,0.7407,100.0000,2,0
5,13,-99.86773682,0.13226059,0.86689383,0.00084563,0.5953,100.0000,2,0
5,14,-99.41133118,0.58866596,0.41068253,0.00065153,0.5105,100.0000,1,0
5,15,-99.40612030,0.59388173,0.40541381,0.00070445,0.5068,100.0000,1,0
5,16,-99.84445190,0.15554436,0.84378064,0.00067503,0.5307,100.0000,2,0
5,17,-99.87168884,0.12831095,0.87109387,0.00059516,0.5301,100.0000,2,0
5,18,-99.98748779,0.01251350,0.98704112,0.00044531,0.5825,100.0000,2,0
5,19,-99.91430664,0.08569149,0.91363406,0.00067434,0.6251,100.0000,2,0
5,20,-99.94103241,0.05896905,0.94057411,0.00045682,0.5187,100.0000,2,0
6,1,0.00196210,0.00196210,0.99792564,0.00011222,0.8511,0.0000,2,1
6,2,-99.50385284,0.49614605,0.50314385,0.00071009,0.4164,100.0000,2,0
6,3,-99.34294891,0.65705317,0.34245121,0.00049563,0.4788,100.0000,1,0
6,4,-99.35733032,0.64266980,0.35692146,0.00040877,0.4492,100.0000,1,0
6,5,-99.37889862,0.62110192,0.37826648,0.00063162,0.4848,100.0000,1,0
6,6,-99.41654968,0.58345157,0.41585535,0.00069306,0.4701,100.0000,1,0
6,7,-99.45832825,0.54167229,0.45731694,0.00101073,0.4845,100.0000,1,0
6,8,-99.95248413,0.04751523,0.95190126,0.00058350,0.5415,100.0000,2,0
6,9,-99.35939026,0.64061236,0.35889372,0.00049391,0.4935,100.0000,1,0
6,10,-99.46374512,0.53625655,0.46321872,0.00052480,0.4534,100.0000,1,0
6,11,-99.34189606,0.65810603,0.34118348,0.00071050,0.4623,100.0000,1,0
6,12,-99.83276367,0.16724005,0.83189535,0.00086458,0.5018,100.0000,2,0
6,13,-99.56905365,0.43094844,0.56836486,0.00068672,0.4499,100.0000,2,0
6,14,-99.94856262,0.05144078,0.94822437,0.00033492,0.7275,100.0000,2,0
6,15,-99.46709442,0.53290546,0.46653250,0.00056203,0.4308,100.0000,1,0
6,16,-99.71098328,0.28901452,0.70776957,0.00321598,0.4724,100.0000,2,0
6,17,-99.28670502,0.71329838,0.28588092,0.00082062,0.4996,100.0000,1,0
6,18,-99.50286865,0.49713278,0.50206852,0.00079865,0.4772,100.0000,2,0
6,19,-99.49922180,0.50078112,0.49867749,0.00054143,0.4391,100.0000,1,0
6,20,-99.98685455,0.01314357,0.98649967,0.00035674,0.7283,100.0000,2,0
7,1,0.00196210,0.00196210,0.99792564,0.00011222,0.8511,0.0000,2,1
7,2,-99.40488434,0.59511381,0.40422690,0.00065929,0.4092,100.0000,1,0
7,3,-99.70552826,0.29447350,0.70470124,0.00082519,0.5077,100.0000,2,0
7,4,-99.47258759,0.52741241,0.47162798,0.00095961,0.3838,100.0000,1,0
7,5,-99.36373901,0.63625807,0.36323452,0.00050731,0.4501,100.0000,1,0
7,6,-99.45013428,0.54986715,0.44957900,0.00055391,0.3982,100.0000,1,0
7,7,-99.55434418,0.44565564,0.55333978,0.00100461,0.4293,100.0000,2,0
7,8,-99.94391632,0.05608557,0.94329315,0.00062127,0.5668,100.0000,2,0
7,9,-99.64999390,0.35000908,0.64933401,0.00065691,0.3646,100.0000,2,0
7,10,-99.46199799,0.53800333,0.46127772,0.00071897,0.4367,100.0000,1,0
7,11,-99.98131561,0.01868625,0.98108304,0.00023071,0.7475,100.0000,2,0
7,12,-99.98482513,0.01517738,0.98438025,0.00044243,0.7187,100.0000,2,0
7,13,-99.29051208,0.70948774,0.29006329,0.00044897,0.4217,100.0000,1,0
7,14,-99.47615814,0.52384466,0.47557026,0.00058506,0.4711,100.0000,1,0
7,15,-99.94084167,0.05916136,0.94053543,0.00030324,0.7745,100.0000,2,0
7,16,-99.24977112,0.75022858,0.24928254,0.00048898,0.4461,100.0000,1,0
7,17,-99.34484100,0.65515912,0.34414470,0.00069616,0.4587,100.0000,1,0
7,18,-99.91477966,0.08522069,0.91418827,0.00059099,0.5918,100.0000,2,0
7,19,-99.39134216,0.60865563,0.39094949,0.00039491,0.4936,100.0000,1,0
7,20,-99.27418518,0.72581536,0.27346686,0.00071784,0.4395,100.0000,1,0
8,1,0.00196210,0.00196210,0.99792564,0.00011222,0.8511,0.0000,2,1
8,2,-99.51564026,0.48436221,0.51501423,0.00062357,0.3625,100.0000,2,0
8,3,-99.34420013,0.65580106,0.34369385,0.00050509,0.4756,100.0000,1,0
8,4,-99.32851410,0.67148834,0.32804221,0.00046938,0.4453,100.0000,1,0
8,5,-99.36646271,0.63353813,0.36585560,0.00060625,0.4478,100.0000,1,0
8,6,-99.20084381,0.79915708,0.20040077,0.00044210,0.4341,100.0000,1,0
8,7,-99.24000549,0.75999367,0.23966509,0.00034116,0.3785,100.0000,1,0
8,8,-99.99023438,0.00976288,0.99006385,0.00017329,0.7181,100.0000,2,0
8,9,-99.34806824,0.65193236,0.34764007,0.00042761,0.4649,100.0000,1,0
8,10,-99.96701813,0.03298463,0.96679425,0.00022110,0.7420,100.0000,2,0
8,11,-99.38553619,0.61446071,0.38501391,0.00052535,0.4684,100.0000,1,0
8,12,-99.28690338,0.71309775,0.28641057,0.00049170,0.3972,100.0000,1,0
8,13,-99.48490143,0.51509869,0.48417819,0.00072313,0.3336,100.0000,1,0
8,14,-99.27506256,0.72493511,0.27459428,0.00047057,0.4725,100.0000,1,0
8,15,-99.10196686,0.89803231,0.10159852,0.00036911,0.4119,100.0000,1,0
8,16,-99.45351410,0.54648823,0.45298219,0.00052955,0.4796,100.0000,1,0
8,17,-99.80453491,0.19546367,0.80390167,0.00063463,0.4309,100.0000,2,0
8,18,-99.76645660,0.23354617,0.76588738,0.00056645,0.4570,100.0000,2,0
8,19,-99.98162842,0.01836868,0.98115349,0.00047793,0.7805,100.0000,2,0
8,20,-99.79283142,0.20716658,0.79238892,0.00044456,0.6040,100.0000,2,0
9,1,0.00196210,0.00196210,0.99792564,0.00011222,0.8511,0.0000,2,1
9,2,-99.18689728,0.81310213,0.18648945,0.00040845,0.3586,100.0000,1,0
9,3,-99.38748169,0.61251485,0.38701123,0.00047393,0.4520,100.0000,1,0
9,4,-99.98918915,0.01080963,0.98892081,0.00026946,0.7794,100.0000,2,0
9,5,-99.38737488,0.61262178,0.38688147,0.00049675,0.5025,100.0000,1,0
9,6,-99.76618958,0.23380919,0.76544076,0.00075003,0.6631,100.0000,2,0
9,7,-99.20952606,0.79047394,0.20912229,0.00040376,0.3922,100.0000,1,0
9,8,-99.24774933,0.75224948,0.24734032,0.00041020,0.3964,100.0000,1,0
9,9,-99.66175079,0.33825201,0.66131252,0.00043547,0.5932,100.0000,2,0
9,10,-99.25270844,0.74729258,0.25226867,0.00043876,0.3558,100.0000,1,0
9,11,-99.31870270,0.68129992,0.31835514,0.00034492,0.3723,100.0000,1,0
9,12,-99.10635376,0.89364773,0.10598195,0.00037025,0.4205,100.0000,1,0
9,13,-99.27755737,0.72244644,0.27711791,0.00043566,0.4058,100.0000,1,0
9,14,-99.21640015,0.78359932,0.21604578,0.00035488,0.4731,100.0000,1,0
9,15,-99.29643250,0.70356721,0.29600823,0.00042454,0.4480,100.0000,1,0
9,16,-99.98632050,0.01368191,0.98605365,0.00026452,0.7545,100.0000,2,0
9,17,-99.15452576,0.84547454,0.15411283,0.00041264,0.3763,100.0000,1,0
9,18,-99.39685822,0.60313839,0.39640155,0.00046003,0.4267,100.0000,1,0
9,19,-99.09494019,0.90505779,0.09461581,0.00032640,0.4517,100.0000,1,0
9,20,-99.23952484,0.76047343,0.23914535,0.00038121,0.2556,100.0000,1,0
10,1,0.00196210,0.00196210,0.99792564,0.00011222,0.8511,0.0000,2,1
10,2,-99.19564056,0.80436283,0.19532624,0.00031098,0.3642,100.0000,1,0
10,3,-99.91587067,0.08413196,0.91506672,0.00080130,0.7930,100.0000,2,0
10,4,-99.59504700,0.40495041,0.59458393,0.00046564,0.4604,100.0000,2,0
10,5,-99.98797607,0.01202034,0.98767042,0.00030920,0.8028,100.0000,2,0
10,6,-99.71449280,0.28550720,0.71399444,0.00049832,0.5246,100.0000,2,0
10,7,-99.13669586,0.86330450,0.13639407,0.00030140,0.2788,100.0000,1,0
10,8,-99.18402863,0.81597167,0.18371616,0.00031224,0.2810,100.0000,1,0
10,9,-99.14569092,0.85430735,0.14528464,0.00040799,0.4120,100.0000,1,0
10,10,-99.14350891,0.85648882,0.14305800,0.00045320,0.4086,100.0000,1,0
10,11,-99.04143524,0.95856684,0.04125578,0.00017733,0.4232,100.0000,1,0
10,12,-99.26069641,0.73930275,0.26035815,0.00033916,0.4522,100.0000,1,0
10,13,-99.10595703,0.89404452,0.10559361,0.00036185,0.4114,100.0000,1,0
10,14,-99.96293640,0.03706708,0.96247172,0.00046123,0.7541,100.0000,2,0
10,15,-99.30876923,0.69123328,0.30835146,0.00041534,0.3308,100.0000,1,0
10,16,-99.17536163,0.82463843,0.17495725,0.00040437,0.3399,100.0000,1,0
10,17,-99.16748810,0.83251315,0.16712947,0.00035738,0.3695,100.0000,1,0
10,18,-99.17267609,0.82732040,0.17232446,0.00035516,0.2994,100.0000,1,0
10,19,-99.25139618,0.74860489,0.25096822,0.00042691,0.4087,100.0000,1,0
10,20,-99.25582886,0.74416900,0.25538707,0.00044389,0.4604,100.0000,1,0
11,1,0.00196210,0.00196210,0.99792564,0.00011222,0.8511,0.0000,2,1
11,2,-99.98568726,0.01431101,0.98534727,0.00034173,0.6130,100.0000,2,0
11,3,-99.29766846,0.70232898,0.29723722,0.00043378,0.3359,100.0000,1,0
11,4,-99.19323730,0.80676287,0.19293866,0.00029850,0.4505,100.0000,1,0
11,5,-99.24868011,0.75131845,0.24820344,0.00047806,0.3485,100.0000,1,0
11,6,-99.11116791,0.88883519,0.11082935,0.00033548,0.4036,100.0000,1,0
11,7,-99.27241516,0.72758269,0.27209079,0.00032645,0.3063,100.0000,1,0
11,8,-99.21451569,0.78548628,0.21419667,0.00031705,0.2860,100.0000,1,0
11,9,-99.94239807,0.05760356,0.94183934,0.00055708,0.6689,100.0000,2,0
11,10,-99.08795166,0.91205037,0.08757261,0.00037694,0.3658,100.0000,1,0
11,11,-99.04158020,0.95841742,0.04142047,0.00016216,0.4187,100.0000,1,0
11,12,-99.14046478,0.85953730,0.14022660,0.00023607,0.2726,100.0000,1,0
11,13,-99.96945190,0.03054942,0.96890914,0.00054145,0.7729,100.0000,2,0
11,14,-99.14997101,0.85002768,0.14969638,0.00027589,0.3836,100.0000,1,0
11,15,-99.11117554,0.88882768,0.11085426,0.00031811,0.3334,100.0000,1,0
11,16,-99.07578278,0.92421991,0.07558686,0.00019324,0.2254,100.0000,1,0
11,17,-99.12530518,0.87469304,0.12499219,0.00031479,0.2862,100.0000,1,0
11,18,-99.14610291,0.85389715,0.14578292,0.00031998,0.3146,100.0000,1,0
11,19,-99.98905945,0.01093953,0.98882896,0.00023157,0.7221,100.0000,2,0
11,20,-99.23213196,0.76786828,0.23164821,0.00048348,0.3768,100.0000,1,0
12,1,0.00196210,0.00196210,0.99792564,0.00011222,0.8511,0.0000,2,1
12,2,-99.04672241,0.95327407,0.04653956,0.00018634,0.2638,100.0000,1,0
12,3,-99.09311676,0.90688485,0.09264882,0.00046629,0.3407,100.0000,1,0
12,4,-99.07846832,0.92152935,0.07815903,0.00031168,0.3488,100.0000,1,0
12,5,-99.22722626,0.77277386,0.22679245,0.00043358,0.3227,100.0000,1,0
12,6,-99.20378113,0.79621547,0.20349835,0.00028613,0.3743,100.0000,1,0
12,7,-99.89229584,0.10770246,0.89177251,0.00052504,0.7432,100.0000,2,0
12,8,-99.21247864,0.78752297,0.21223381,0.00024328,0.4336,100.0000,1,0
12,9,-99.25447845,0.74552202,0.25392899,0.00054897,0.3472,100.0000,1,0
12,10,-99.04378510,0.95621735,0.04359448,0.00018825,0.3916,100.0000,1,0
12,11,-99.09549713,0.90450418,0.09520141,0.00029439,0.3498,100.0000,1,0
12,12,-99.11100769,0.88898998,0.11076523,0.00024485,0.2089,100.0000,1,0
12,13,-99.13022614,0.86977315,0.12992983,0.00029711,0.2836,100.0000,1,0
12,14,-99.06251526,0.93748152,0.06240960,0.00010883,0.2097,100.0000,1,0
12,15,-99.04027557,0.95972306,0.04010732,0.00016969,0.4346,100.0000,1,0
12,16,-99.15019989,0.84979802,0.14941455,0.00078741,0.3609,100.0000,1,0
12,17,-99.13609314,0.86390853,0.13582049,0.00027096,0.2625,100.0000,1,0
12,18,-99.01375580,0.98624146,0.01365113,0.00010736,0.4207,100.0000,1,0
12,19,-99.19310760,0.80689353,0.19285916,0.00024734,0.2584,100.0000,1,0
12,20,-99.11382294,0.88617867,0.11358209,0.00023926,0.2675,100.0000,1,0
13,1,0.00196210,0.00196210,0.99792564,0.00011222,0.8511,0.0000,2,1
13,2,-99.05629730,0.94369894,0.05612500,0.00017602,0.3619,100.0000,1,0
13,3,-99.14988708,0.85011280,0.14935513,0.00053203,0.2631,100.0000,1,0
13,4,-99.95426178,0.04573676,0.95401043,0.00025278,0.8147,100.0000,2,0
13,5,-99.06027985,0.93971813,0.06005583,0.00022603,0.4059,100.0000,1,0
13,6,-99.05751038,0.94249249,0.05740635,0.00010125,0.2373,100.0000,1,0
13,7,-99.03610992,0.96388686,0.03593892,0.00017416,0.3452,100.0000,1,0
13,8,-99.79618835,0.20381427,0.79575539,0.00043034,0.3556,100.0000,2,0
13,9,-99.05397034,0.94602722,0.05378770,0.00018506,0.1964,100.0000,1,0
13,10,-99.04209137,0.95790601,0.04199405,0.00009992,0.1436,100.0000,1,0
13,11,-99.01900482,0.98099858,0.01886115,0.00014037,0.2145,100.0000,1,0
13,12,-99.14142609,0.85857469,0.14117950,0.00024586,0.1585,100.0000,1,0
13,13,-99.08669281,0.91330522,0.08643894,0.00025586,0.3567,100.0000,1,0
13,14,-99.05477905,0.94522411,0.05459291,0.00018303,0.2218,100.0000,1,0
13,15,-99.04940033,0.95059919,0.04919397,0.00020685,0.4236,100.0000,1,0
13,16,-99.07014465,0.92985469,0.06994677,0.00019858,0.4299,100.0000,1,0
13,17,-99.04854584,0.95145506,0.04836901,0.00017593,0.3950,100.0000,1,0
13,18,-99.13662720,0.86337328,0.13600509,0.00062167,0.3372,100.0000,1,0
13,19,-99.03070068,0.96929896,0.03056726,0.00013384,0.3525,100.0000,1,0
13,20,-99.06825256,0.93174487,0.06812567,0.00012950,0.2081,100.0000,1,0
14,1,0.00196210,0.00196210,0.99792564,0.00011222,0.8511,0.0000,2,1
14,2,-99.02998352,0.97001362,0.02983765,0.00014874,0.2209,100.0000,1,0
14,3,-99.03026581,0.96973687,0.03011718,0.00014585,0.2951,100.0000,1,0
14,4,-99.05929565,0.94070393,0.05913082,0.00016517,0.3764,100.0000,1,0
14,5,-99.04399872,0.95600235,0.04386169,0.00013594,0.3600,100.0000,1,0
14,6,-99.03658295,0.96341425,0.03645908,0.00012667,0.3563,100.0000,1,0
14,7,-99.01993561,0.98006135,0.01979090,0.00014768,0.2276,100.0000,1,0
14,8,-99.68714142,0.31285736,0.68683064,0.00031207,0.3391,100.0000,2,0
14,9,-99.92376709,0.07623108,0.92268276,0.00108614,0.8487,100.0000,2,0
14,10,-99.97561646,0.02438483,0.97530895,0.00030621,0.6585,100.0000,2,0
14,11,-99.06753540,0.93246096,0.06733286,0.00020621,0.1920,100.0000,1,0
14,12,-99.04161835,0.95838428,0.04143848,0.00017737,0.3601,100.0000,1,0
14,13,-99.02110291,0.97890067,0.02095144,0.00014787,0.3662,100.0000,1,0
14,14,-99.09860229,0.90139782,0.09833331,0.00026890,0.2245,100.0000,1,0
14,15,-99.05768585,0.94231367,0.05740904,0.00027739,0.3638,100.0000,1,0
14,16,-99.02329254,0.97670561,0.02318461,0.00010984,0.2809,100.0000,1,0
14,17,-99.06872559,0.93127429,0.06855801,0.00016768,0.3558,100.0000,1,0
14,18,-99.11477661,0.88522714,0.11455259,0.00022021,0.2232,100.0000,1,0
14,19,-99.01757050,0.98243284,0.01742818,0.00013906,0.3496,100.0000,1,0
14,20,-99.04563141,0.95436537,0.04543028,0.00020438,0.2928,100.0000,1,0
15,1,0.00196210,0.00196210,0.99792564,0.00011222,0.8511,0.0000,2,1
15,2,-99.49785614,0.50214672,0.49743128,0.00042198,0.6527,100.0000,1,0
15,3,-99.02580261,0.97419864,0.02565888,0.00014250,0.2128,100.0000,1,0
15,4,-99.01032257,0.98967791,0.01022927,0.00009284,0.3788,100.0000,1,0
15,5,-99.02440643,0.97559071,0.02428214,0.00012712,0.2319,100.0000,1,0
15,6,-99.23326874,0.76673180,0.23286909,0.00039919,0.3676,100.0000,1,0
15,7,-99.02872467,0.97127175,0.02856272,0.00016555,0.3242,100.0000,1,0
15,8,-99.98545074,0.01455130,0.98498225,0.00046654,0.7949,100.0000,2,0
15,9,-99.01628113,0.98372126,0.01615104,0.00012769,0.3760,100.0000,1,0
15,10,-99.10120392,0.89879465,0.10076880,0.00043648,0.4741,100.0000,1,0
15,11,-99.02485657,0.97514582,0.02472743,0.00012665,0.3333,100.0000,1,0
15,12,-99.06673431,0.93326670,0.06653038,0.00020292,0.2876,100.0000,1,0
15,13,-99.01138306,0.98861665,0.01126059,0.00012280,0.1963,100.0000,1,0
15,14,-99.01794434,0.98205471,0.01783690,0.00010841,0.1960,100.0000,1,0
15,15,-99.05491638,0.94508249,0.05472791,0.00018959,0.3835,100.0000,1,0
15,16,-99.03594208,0.96406120,0.03579658,0.00014212,0.3250,100.0000,1,0
15,17,-99.02908325,0.97092009,0.02896036,0.00011960,0.3300,100.0000,1,0
15,18,-99.04476166,0.95523596,0.04458902,0.00017498,0.3379,100.0000,1,0
15,19,-99.01157379,0.98842490,0.01148512,0.00009003,0.1985,100.0000,1,0
15,20,-99.91515350,0.08484922,0.91430885,0.00084202,0.7333,100.0000,2,0
16,1,0.00196210,0.00196210,0.99792564,0.00011222,0.8511,0.0000,2,1
16,2,-99.00795746,0.99204421,0.00788515,0.00007060,0.3323,100.0000,1,0
16,3,-99.02173615,0.97826403,0.02161915,0.00011691,0.2057,100.0000,1,0
16,4,-99.80103302,0.19896755,0.80056912,0.00046338,0.6226,100.0000,2,0
16,5,-99.01241302,0.98758960,0.01233290,0.00007747,0.2123,100.0000,1,0
16,6,-99.96897125,0.03102567,0.96849382,0.00048047,0.7459,100.0000,2,0
16,7,-99.00851440,0.99148238,0.00843958,0.00007814,0.2748,100.0000,1,0
16,8,-99.01377869,0.98622340,0.01367129,0.00010538,0.3302,100.0000,1,0
16,9,-99.34149933,0.65850323,0.34089112,0.00060571,0.3631,100.0000,1,0
16,10,-99.99308014,0.00692023,0.99284279,0.00023698,0.8104,100.0000,2,0
16,11,-99.00569153,0.99431074,0.00561935,0.00006994,0.1954,100.0000,1,0
16,12,-99.80609131,0.19391105,0.80571365,0.00037522,0.5984,100.0000,2,0
16,13,-99.14085388,0.85914785,0.14058293,0.00026912,0.3918,100.0000,1,0
16,14,-99.01226044,0.98774058,0.01215754,0.00010188,0.3092,100.0000,1,0
16,15,-99.03985596,0.96014166,0.03969186,0.00016646,0.1759,100.0000,1,0
16,16,-99.69371033,0.30628791,0.69279814,0.00091395,0.3583,100.0000,2,0
16,17,-99.01346588,0.98653167,0.01338377,0.00008457,0.2415,100.0000,1,0
16,18,-99.01208496,0.98791158,0.01200757,0.00008091,0.1776,100.0000,1,0
16,19,-99.03729248,0.96270490,0.03712243,0.00017275,0.3816,100.0000,1,0
16,20,-99.94070435,0.05929762,0.94038463,0.00031772,0.8231,100.0000,2,0
17,1,0.00196210,0.00196210,0.99792564,0.00011222,0.8511,0.0000,2,1
17,2,-99.37162781,0.62836897,0.37091944,0.00071159,0.5814,100.0000,1,0
17,3,-99.96401215,0.03599111,0.96363163,0.00037719,0.7763,100.0000,2,0
17,4,-99.02119446,0.97880596,0.02108982,0.00010418,0.1798,100.0000,1,0
17,5,-99.36341095,0.63659132,0.36286414,0.00054454,0.3954,100.0000,1,0
17,6,-99.99288940,0.00711041,0.99265337,0.00023623,0.6939,100.0000,2,0
17,7,-99.02010345,0.97990030,0.01998707,0.00011266,0.3089,100.0000,1,0
17,8,-99.01705933,0.98294193,0.01697614,0.00008190,0.2170,100.0000,1,0
17,9,-99.00835419,0.99164575,0.00828809,0.00006626,0.2616,100.0000,1,0
17,10,-99.01179504,0.98820400,0.01170263,0.00009329,0.1902,100.0000,1,0
17,11,-99.00928497,0.99071759,0.00921058,0.00007178,0.2853,100.0000,1,0
17,12,-99.00449371,0.99550879,0.00443255,0.00005858,0.3368,100.0000,1,0
17,13,-99.00362396,0.99637336,0.00356221,0.00006432,0.2019,100.0000,1,0
17,14,-99.78992462,0.21007864,0.78960335,0.00031797,0.7367,100.0000,2,0
17,15,-99.02963257,0.97037089,0.02946011,0.00016901,0.2995,100.0000,1,0
17,16,-99.00759888,0.99240029,0.00751515,0.00008456,0.3320,100.0000,1,0
17,17,-99.00744629,0.99255627,0.00737376,0.00007001,0.3340,100.0000,1,0
17,18,-99.01572418,0.98427320,0.01564064,0.00008613,0.1947,100.0000,1,0
17,19,-99.01911926,0.98088431,0.01899694,0.00011878,0.3159,100.0000,1,0
17,20,-99.00847626,0.99152499,0.00840783,0.00006713,0.2248,100.0000,1,0
18,1,0.00196210,0.00196210,0.99792564,0.00011222,0.8511,0.0000,2,1
18,2,-99.01670837,0.98329353,0.01658918,0.00011738,0.3350,100.0000,1,0
18,3,-99.00344086,0.99655861,0.00339726,0.00004402,0.1950,100.0000,1,0
18,4,-99.89039612,0.10960048,0.88987350,0.00052603,0.7397,100.0000,2,0
18,5,-99.01496887,0.98503125,0.01488849,0.00008016,0.1733,100.0000,1,0
18,6,-99.99789429,0.00210481,0.99770039,0.00019485,0.7597,100.0000,2,0
18,7,-99.01177216,0.98822755,0.01168387,0.00008862,0.2425,100.0000,1,0
18,8,-99.85718536,0.14281125,0.85673136,0.00045729,0.2336,100.0000,2,0
18,9,-99.02285767,0.97714430,0.02273191,0.00012380,0.3093,100.0000,1,0
18,10,-99.00390625,0.99609143,0.00384115,0.00006750,0.3358,100.0000,1,0
18,11,-99.00176239,0.99823606,0.00172129,0.00004263,0.3180,100.0000,1,0
18,12,-99.02866364,0.97133678,0.02854572,0.00011748,0.1545,100.0000,1,0
18,13,-99.01111603,0.98888433,0.01104032,0.00007533,0.2738,100.0000,1,0
18,14,-99.94554138,0.05446089,0.94506937,0.00046964,0.7768,100.0000,2,0
18,15,-99.03216553,0.96783340,0.03207953,0.00008708,0.1897,100.0000,1,0
18,16,-99.02516174,0.97483701,0.02504366,0.00011938,0.2889,100.0000,1,0
18,17,-99.00567627,0.99432170,0.00561914,0.00005918,0.2588,100.0000,1,0
18,18,-99.03340149,0.96659762,0.03326113,0.00014128,0.2785,100.0000,1,0
18,19,-99.01631927,0.98368341,0.01620955,0.00010708,0.2675,100.0000,1,0
18,20,-99.91375732,0.08624569,0.91344404,0.00031028,0.6753,100.0000,2,0
19,1,0.00196210,0.00196210,0.99792564,0.00011222,0.8511,0.0000,2,1
19,2,-99.00476074,0.99523902,0.00471025,0.00005074,0.3103,100.0000,1,0
19,3,-99.02487183,0.97512686,0.02476747,0.00010570,0.2035,100.0000,1,0
19,4,-99.03662872,0.96336913,0.03648923,0.00014156,0.2959,100.0000,1,0
19,5,-99.00591278,0.99409086,0.00583724,0.00007188,0.3241,100.0000,1,0
19,6,-99.88480377,0.11519907,0.88426220,0.00053880,0.4968,100.0000,2,0
19,7,-99.00264740,0.99735045,0.00260483,0.00004476,0.2424,100.0000,1,0
19,8,-99.01315308,0.98685014,0.01307405,0.00007583,0.2371,100.0000,1,0
19,9,-99.00361633,0.99638087,0.00355242,0.00006677,0.3820,100.0000,1,0
19,10,-99.00176239,0.99823976,0.00171551,0.00004470,0.3423,100.0000,1,0
19,11,-99.01164246,0.98835385,0.01156106,0.00008511,0.2521,100.0000,1,0
19,12,-99.03564453,0.96435559,0.03552283,0.00012159,0.2710,100.0000,1,0
19,13,-99.00463867,0.99536347,0.00458517,0.00005140,0.2995,100.0000,1,0
19,14,-99.00885773,0.99114156,0.00879053,0.00006792,0.2437,100.0000,1,0
19,15,-99.05278778,0.94721019,0.05261994,0.00016984,0.3005,100.0000,1,0
19,16,-99.00757599,0.99242181,0.00751171,0.00006650,0.2373,100.0000,1,0
19,17,-99.00325775,0.99674135,0.00321104,0.00004761,0.3331,100.0000,1,0
19,18,-99.00475311,0.99524707,0.00469341,0.00005953,0.3172,100.0000,1,0
19,19,-99.02425385,0.97574973,0.02414025,0.00010999,0.2749,100.0000,1,0
19,20,-99.00675201,0.99325013,0.00668246,0.00006738,0.2492,100.0000,1,0
20,1,0.00196210,0.00196210,0.99792564,0.00011222,0.8511,0.0000,2,1
20,2,-99.00313568,0.99686438,0.00308687,0.00004877,0.3106,100.0000,1,0
20,3,-99.00115967,0.99884027,0.00111962,0.00004012,0.3143,100.0000,1,0
20,4,-99.00981140,0.99018693,0.00973821,0.00007480,0.3377,100.0000,1,0
20,5,-99.00588226,0.99411786,0.00582041,0.00006170,0.3136,100.0000,1,0
20,6,-99.01575470,0.98424202,0.01567420,0.00008375,0.2945,100.0000,1,0
20,7,-99.01241302,0.98758495,0.01233133,0.00008369,0.3417,100.0000,1,0
20,8,-99.77549744,0.22450419,0.77517009,0.00032578,0.5855,100.0000,2,0
20,9,-99.00390625,0.99609679,0.00385284,0.00005037,0.3135,100.0000,1,0
20,10,-99.01033783,0.98966426,0.01026200,0.00007377,0.3018,100.0000,1,0
20,11,-99.00918579,0.99081612,0.00909438,0.00008958,0.3089,100.0000,1,0
20,12,-99.00803375,0.99196386,0.00795582,0.00008031,0.3293,100.0000,1,0
20,13,-99.00499725,0.99500185,0.00494473,0.00005343,0.2714,100.0000,1,0
20,14,-99.01759338,0.98240626,0.01751848,0.00007527,0.2121,100.0000,1,0
20,15,-99.01265717,0.98734426,0.01257339,0.00008234,0.3407,100.0000,1,0
20,16,-99.00592804,0.99407321,0.00587250,0.00005432,0.2809,100.0000,1,0
20,17,-99.00202179,0.99797720,0.00197533,0.00004744,0.3259,100.0000,1,0
20,18,-99.07627869,0.92372245,0.07604256,0.00023501,0.1938,100.0000,1,0
20,19,-99.01799774,0.98200178,0.01791010,0.00008820,0.2541,100.0000,1,0
20,20,-99.00669861,0.99330503,0.00662947,0.00006553,0.2486,100.0000,1,0
21,1,0.00196210,0.00196210,0.99792564,0.00011222,0.8511,0.0000,2,1
21,2,-99.01184082,0.98815721,0.01177605,0.00006673,0.2760,100.0000,1,0
21,3,-99.00447845,0.99551964,0.00441187,0.00006849,0.2660,100.0000,1,0
21,4,-99.00473785,0.99526125,0.00467705,0.00006174,0.2653,100.0000,1,0
21,5,-99.01028442,0.98971236,0.01021760,0.00007010,0.2973,100.0000,1,0
21,6,-99.01519775,0.98480380,0.01510421,0.00009202,0.3463,100.0000,1,0
21,7,-99.00327301,0.99672925,0.00320479,0.00006590,0.2755,100.0000,1,0
21,8,-99.00692749,0.99307609,0.00686945,0.00005447,0.2847,100.0000,1,0
21,9,-99.00184631,0.99815255,0.00180018,0.00004720,0.3431,100.0000,1,0
21,10,-99.72040558,0.27959532,0.71997130,0.00043334,0.5582,100.0000,2,0
21,11,-99.00262451,0.99737573,0.00256780,0.00005647,0.2993,100.0000,1,0
21,12,-99.13996124,0.86003989,0.13969044,0.00026963,0.1849,100.0000,1,0
21,13,-99.00601959,0.99397993,0.00595473,0.00006536,0.2877,100.0000,1,0
21,14,-99.00572968,0.99426985,0.00565409,0.00007603,0.3180,100.0000,1,0
21,15,-99.00480652,0.99519628,0.00474921,0.00005440,0.2943,100.0000,1,0
21,16,-99.01103973,0.98896039,0.01096136,0.00007832,0.2491,100.0000,1,0
21,17,-99.00331879,0.99668378,0.00325766,0.00005853,0.3080,100.0000,1,0
21,18,-99.00726318,0.99274009,0.00719414,0.00006577,0.2891,100.0000,1,0
21,19,-99.02903748,0.97096145,0.02892367,0.00011478,0.2674,100.0000,1,0
21,20,-99.00238037,0.99761909,0.00232274,0.00005819,0.3083,100.0000,1,0
22,1,0.00196210,0.00196210,0.99792564,0.00011222,0.8511,0.0000,2,1
22,2,-99.01277161,0.98723084,0.01265959,0.00010959,0.2767,100.0000,1,0
22,3,-99.00670624,0.99329042,0.00664811,0.00006143,0.2752,100.0000,1,0
22,4,-99.00302124,0.99698049,0.00296432,0.00005518,0.3170,100.0000,1,0
22,5,-99.00885773,0.99113983,0.00877889,0.00008124,0.2707,100.0000,1,0
22,6,-99.00447845,0.99552059,0.00440935,0.00007002,0.3044,100.0000,1,0
22,7,-99.92847443,0.07152847,0.92817295,0.00029862,0.7277,100.0000,2,0
22,8,-99.00460052,0.99539798,0.00453283,0.00006919,0.2629,100.0000,1,0
22,9,-99.00678253,0.99321532,0.00670913,0.00007554,0.2287,100.0000,1,0
22,10,-99.91812134,0.08187591,0.91761380,0.00051026,0.8187,100.0000,2,0
22,11,-99.00191498,0.99808192,0.00186789,0.00005026,0.3130,100.0000,1,0
22,12,-99.00526428,0.99473602,0.00520221,0.00006178,0.2944,100.0000,1,0
22,13,-99.00899506,0.99100411,0.00892205,0.00007389,0.2723,100.0000,1,0
22,14,-99.00641632,0.99358034,0.00634814,0.00007157,0.3017,100.0000,1,0
22,15,-99.00530243,0.99469537,0.00525271,0.00005194,0.2884,100.0000,1,0
22,16,-99.01164246,0.98835516,0.01155862,0.00008626,0.2225,100.0000,1,0
22,17,-99.00405884,0.99594128,0.00399615,0.00006256,0.2732,100.0000,1,0
22,18,-99.00383759,0.99616456,0.00377609,0.00005934,0.3055,100.0000,1,0
22,19,-99.00707245,0.99292773,0.00699664,0.00007568,0.3512,100.0000,1,0
22,20,-99.00840759,0.99159157,0.00834151,0.00006692,0.2657,100.0000,1,0
23,1,0.00196210,0.00196210,0.99792564,0.00011222,0.8511,0.0000,2,1
23,2,-99.00957489,0.99042362,0.00948788,0.00008844,0.3267,100.0000,1,0
23,3,-99.00561523,0.99438727,0.00554233,0.00007045,0.2479,100.0000,1,0
23,4,-99.01378632,0.98621690,0.01371079,0.00007227,0.2709,100.0000,1,0
23,5,-99.01336670,0.98663425,0.01329640,0.00006941,0.2015,100.0000,1,0
23,6,-99.01348114,0.98651749,0.01338576,0.00009672,0.3329,100.0000,1,0
23,7,-99.04392242,0.95607865,0.04365727,0.00026406,0.3149,100.0000,1,0
23,8,-99.00849152,0.99150777,0.00841482,0.00007738,0.3613,100.0000,1,0
23,9,-99.01031494,0.98968327,0.01023159,0.00008510,0.3064,100.0000,1,0
23,10,-99.01460266,0.98540050,0.01449859,0.00010088,0.2665,100.0000,1,0
23,11,-99.00351715,0.99648154,0.00345365,0.00006479,0.3800,100.0000,1,0
23,12,-99.30149078,0.69851184,0.30109069,0.00039741,0.3039,100.0000,1,0
23,13,-99.01536560,0.98463273,0.01527916,0.00008813,0.2923,100.0000,1,0
23,14,-99.01646423,0.98353636,0.01635664,0.00010700,0.2996,100.0000,1,0
23,15,-99.00157928,0.99842215,0.00152916,0.00004871,0.3336,100.0000,1,0
23,16,-99.00443268,0.99556774,0.00437282,0.00005942,0.2710,100.0000,1,0
23,17,-99.01943207,0.98056453,0.01932563,0.00010986,0.2924,100.0000,1,0
23,18,-99.02034760,0.97965336,0.02021590,0.00013082,0.2887,100.0000,1,0
23,19,-99.02057648,0.97942221,0.02046917,0.00010865,0.2528,100.0000,1,0
23,20,-99.31835938,0.68163860,0.31804854,0.00031282,0.3222,100.0000,1,0
24,1,0.00196210,0.00196210,0.99792564,0.00011222,0.8511,0.0000,2,1
24,2,-99.00742340,0.99257940,0.00733755,0.00008308,0.2704,100.0000,1,0
24,3,-99.00492859,0.99507314,0.00486018,0.00006671,0.2934,100.0000,1,0
24,4,-99.45117188,0.54882944,0.45076856,0.00040204,0.2931,100.0000,1,0
24,5,-99.77179718,0.22820134,0.77123159,0.00056709,0.6547,100.0000,2,0
24,6,-99.01107788,0.98892504,0.01098787,0.00008706,0.3136,100.0000,1,0
24,7,-99.01050568,0.98949349,0.01043044,0.00007604,0.2721,100.0000,1,0
24,8,-99.64027405,0.35972834,0.63972998,0.00054159,0.4559,100.0000,2,0
24,9,-99.02942657,0.97057140,0.02928830,0.00014018,0.3213,100.0000,1,0
24,10,-99.98773956,0.01225757,0.98716855,0.00057395,0.8294,100.0000,2,0
24,11,-99.01194000,0.98806351,0.01185180,0.00008470,0.3220,100.0000,1,0
24,12,-99.01688385,0.98311698,0.01679557,0.00008742,0.3404,100.0000,1,0
24,13,-99.02571106,0.97428888,0.02561405,0.00009708,0.2378,100.0000,1,0
24,14,-99.92927551,0.07072754,0.92879564,0.00047689,0.7894,100.0000,2,0
24,15,-99.00513458,0.99486309,0.00506639,0.00007056,0.3457,100.0000,1,0
24,16,-99.00241852,0.99758303,0.00236878,0.00004815,0.3541,100.0000,1,0
24,17,-99.00872040,0.99128026,0.00862068,0.00009904,0.3234,100.0000,1,0
24,18,-99.00517273,0.99482661,0.00511260,0.00006073,0.2491,100.0000,1,0
24,19,-99.94460297,0.05539456,0.94402277,0.00058275,0.8095,100.0000,2,0
24,20,-99.07806396,0.92193222,0.07789040,0.00017743,0.2642,100.0000,1,0
25,1,0.00196210,0.00196210,0.99792564,0.00011222,0.8511,0.0000,2,0
25,2,-99.01188660,0.98811334,0.01180264,0.00008399,0.3031,100.0000,1,0
25,3,-99.00518036,0.99482262,0.00510699,0.00007029,0.3299,100.0000,1,0
25,4,-99.00413513,0.99586523,0.00407580,0.00005896,0.3193,100.0000,1,0
25,5,-99.00261688,0.99738616,0.00255660,0.00005714,0.3451,100.0000,1,0
25,6,-99.00469208,0.99530882,0.00463134,0.00005980,0.3410,100.0000,1,0
25,7,-99.01361084,0.98639214,0.01353619,0.00007171,0.2294,100.0000,1,0
25,8,-99.00498962,0.99500740,0.00491076,0.00008185,0.3024,100.0000,1,0
25,9,-99.92134094,0.07865774,0.92090696,0.00043529,0.8136,100.0000,2,0
25,10,-99.01953125,0.98046756,0.01942453,0.00010787,0.3296,100.0000,1,0
25,11,-99.02993774,0.97006553,0.02980931,0.00012514,0.3162,100.0000,1,0
25,12,-99.04191589,0.95808226,0.04174668,0.00017109,0.2979,100.0000,1,0
25,13,-99.00668335,0.99331516,0.00661081,0.00007397,0.2623,100.0000,1,0
25,14,-99.93827057,0.06172929,0.93780780,0.00046296,0.7147,100.0000,2,0
25,15,-99.00543213,0.99456632,0.00536345,0.00007022,0.2575,100.0000,1,0
25,16,-99.06604004,0.93395615,0.06579740,0.00024647,0.2855,100.0000,1,0
25,17,-99.02817535,0.97182399,0.02806347,0.00011247,0.2369,100.0000,1,0
25,18,-99.00212860,0.99787366,0.00208371,0.00004254,0.3567,100.0000,1,0
25,19,-99.00338745,0.99661261,0.00333398,0.00005332,0.3479,100.0000,1,0
25,20,0.01336738,0.01336738,0.98632854,0.00030408,0.8547,0.0000,2,1
26,1,0.01336738,0.01336738,0.98632854,0.00030408,0.8547,0.0000,2,1
26,2,-99.97360992,0.02639086,0.97323668,0.00037249,0.7333,100.0000,2,0
26,3,-99.65947723,0.34052184,0.65892762,0.00055059,0.4526,100.0000,2,0
26,4,-99.13990021,0.86010021,0.13938621,0.00051353,0.3574,100.0000,1,0
26,5,-99.00214386,0.99785489,0.00209921,0.00004593,0.3441,100.0000,1,0
26,6,-99.00895691,0.99104321,0.00887032,0.00008643,0.2388,100.0000,1,0
26,7,-99.00307465,0.99692339,0.00302181,0.00005479,0.2908,100.0000,1,0
26,8,-99.00881958,0.99118400,0.00872990,0.00008610,0.3216,100.0000,1,0
26,9,-99.02896118,0.97103655,0.02881913,0.00014435,0.1763,100.0000,1,0
26,10,-99.01317596,0.98682457,0.01307855,0.00009686,0.3276,100.0000,1,0
26,11,-99.01670074,0.98329794,0.01659815,0.00010396,0.3268,100.0000,1,0
26,12,-99.01236725,0.98763174,0.01226478,0.00010347,0.2506,100.0000,1,0
26,13,-99.01328278,0.98671734,0.01318410,0.00009855,0.3455,100.0000,1,0
26,14,-99.00923157,0.99077016,0.00913381,0.00009600,0.2916,100.0000,1,0
26,15,-99.00605774,0.99394035,0.00598898,0.00007071,0.3612,100.0000,1,0
26,16,-99.97880554,0.02119482,0.97851664,0.00028849,0.7205,100.0000,2,0
26,17,-99.76171112,0.23828733,0.76128274,0.00043002,0.7268,100.0000,2,0
26,18,-99.05921173,0.94078600,0.05897149,0.00024242,0.2623,100.0000,1,0
26,19,-99.02530670,0.97469169,0.02518819,0.00012016,0.3027,100.0000,1,0
26,20,-99.00923157,0.99076486,0.00914984,0.00008528,0.3128,100.0000,1,0
27,1,0.01336738,0.01336738,0.98632854,0.00030408,0.8547,0.0000,2,1
27,2,-99.00362396,0.99637383,0.00357816,0.00004803,0.3055,100.0000,1,0
27,3,-99.01027679,0.98972464,0.01018844,0.00008699,0.2485,100.0000,1,0
27,4,-99.96462250,0.03537966,0.96428972,0.00033062,0.7625,100.0000,2,0
27,5,-99.00830841,0.99169052,0.00822981,0.00007972,0.2692,100.0000,1,0
27,6,-99.00186920,0.99812835,0.00182886,0.00004282,0.3268,100.0000,1,0
27,7,-99.00687408,0.99312603,0.00680577,0.00006823,0.2427,100.0000,1,0
27,8,-99.00510406,0.99489224,0.00503157,0.00007610,0.2689,100.0000,1,0
27,9,-99.00871277,0.99128377,0.00863125,0.00008497,0.2736,100.0000,1,0
27,10,-99.01480865,0.98518884,0.01470809,0.00010313,0.2523,100.0000,1,0
27,11,-99.95700073,0.04299974,0.95658875,0.00041153,0.7870,100.0000,2,0
27,12,-99.00653839,0.99346125,0.00645438,0.00008435,0.3170,100.0000,1,0
27,13,-99.03096008,0.96903867,0.03083116,0.00013013,0.3192,100.0000,1,0
27,14,-99.00925446,0.99074566,0.00917259,0.00008178,0.2502,100.0000,1,0
27,15,-99.03768921,0.96230865,0.03754283,0.00014857,0.1703,100.0000,1,0
27,16,-99.01241302,0.98758882,0.01231802,0.00009309,0.3338,100.0000,1,0
27,17,-99.97104645,0.02895099,0.97064519,0.00040379,0.7885,100.0000,2,0
27,18,-99.03579712,0.96420658,0.03564444,0.00014893,0.3217,100.0000,1,0
27,19,-99.99199677,0.00800561,0.99162966,0.00036474,0.8332,100.0000,2,0
27,20,-99.00955200,0.99044961,0.00946076,0.00008967,0.2839,100.0000,1,0
28,1,0.01336738,0.01336738,0.98632854,0.00030408,0.8547,0.0000,2,1
28,2,-99.02102661,0.97897518,0.02088328,0.00014156,0.2495,100.0000,1,0
28,3,-99.00752258,0.99247944,0.00744609,0.00007443,0.2910,100.0000,1,0
28,4,-99.00628662,0.99371284,0.00621585,0.00007133,0.2462,100.0000,1,0
28,5,-99.00685120,0.99314594,0.00678896,0.00006508,0.2662,100.0000,1,0
28,6,-99.01097107,0.98902798,0.01087808,0.00009397,0.2853,100.0000,1,0
28,7,-99.00360870,0.99638784,0.00355521,0.00005704,0.2494,100.0000,1,0
28,8,-99.88008118,0.11991779,0.87945253,0.00062965,0.6537,100.0000,2,0
28,9,-99.97171021,0.02829065,0.97135890,0.00035040,0.6791,100.0000,2,0
28,10,-99.03795624,0.96204674,0.03775205,0.00020121,0.1860,100.0000,1,0
28,11,-99.01831055,0.98169166,0.01821318,0.00009513,0.2932,100.0000,1,0
28,12,-99.01384735,0.98615509,0.01376128,0.00008363,0.2184,100.0000,1,0
28,13,-99.01551819,0.98448306,0.01542455,0.00009231,0.2482,100.0000,1,0
28,14,-99.95852661,0.04147182,0.95810986,0.00041839,0.7578,100.0000,2,0
28,15,-99.00629425,0.99370229,0.00624618,0.00005152,0.2166,100.0000,1,0
28,16,-99.00256348,0.99743408,0.00250465,0.00006120,0.3102,100.0000,1,0
28,17,-99.00312042,0.99687970,0.00306681,0.00005352,0.3115,100.0000,1,0
28,18,-99.01226807,0.98773474,0.01217400,0.00009126,0.2975,100.0000,1,0
28,19,-99.98315430,0.01684251,0.98284870,0.00030870,0.7444,100.0000,2,0
28,20,-99.01819611,0.98180020,0.01807892,0.00012088,0.2578,100.0000,1,0
29,1,0.01336738,0.01336738,0.98632854,0.00030408,0.8547,0.0000,2,1
29,2,-99.00375366,0.99624842,0.00371145,0.00004012,0.2180,100.0000,1,0
29,3,-99.01382446,0.98617780,0.01373262,0.00008963,0.2824,100.0000,1,0
29,4,-99.95405579,0.04594046,0.95366400,0.00039554,0.6919,100.0000,2,0
29,5,-99.03295898,0.96703792,0.03277554,0.00018651,0.2167,100.0000,1,0
29,6,-99.00460815,0.99539244,0.00454898,0.00005866,0.3139,100.0000,1,0
29,7,-99.00723267,0.99276602,0.00716870,0.00006520,0.2173,100.0000,1,0
29,8,-99.01139832,0.98860067,0.01130613,0.00009323,0.2731,100.0000,1,0
29,9,-99.00768280,0.99231756,0.00758850,0.00009391,0.2916,100.0000,1,0
29,10,-99.00347137,0.99652618,0.00341444,0.00005934,0.2639,100.0000,1,0
29,11,-99.01749420,0.98250502,0.01739682,0.00009809,0.2505,100.0000,1,0
29,12,-99.02203369,0.97796476,0.02191152,0.00012369,0.2564,100.0000,1,0
29,13,-99.00525665,0.99474019,0.00517137,0.00008847,0.2166,100.0000,1,0
29,14,-99.00543213,0.99457103,0.00535961,0.00006938,0.3040,100.0000,1,0
29,15,-99.98463440,0.01536417,0.98429441,0.00034142,0.7511,100.0000,2,0
29,16,-99.96695709,0.03304054,0.96652526,0.00043417,0.7562,100.0000,2,0
29,17,-99.01071930,0.98927796,0.01065066,0.00007138,0.2268,100.0000,1,0
29,18,-99.00231934,0.99767977,0.00228669,0.00003358,0.2296,100.0000,1,0
29,19,-99.97884369,0.02115285,0.97859931,0.00024784,0.8224,100.0000,2,0
29,20,-99.00722504,0.99277800,0.00716969,0.00005234,0.1852,100.0000,1,0
30,1,0.01336738,0.01336738,0.98632854,0.00030408,0.8547,0.0000,2,1
30,2,-99.01243591,0.98756790,0.01233158,0.00010059,0.2505,100.0000,1,0
30,3,-99.01169586,0.98830462,0.01160348,0.00009187,0.2635,100.0000,1,0
30,4,-99.96745300,0.03254854,0.96710336,0.00034814,0.6408,100.0000,2,0
30,5,-99.01769257,0.98230422,0.01760203,0.00009379,0.2439,100.0000,1,0
30,6,-99.00440979,0.99559373,0.00432860,0.00007763,0.1992,100.0000,1,0
30,7,-99.02548981,0.97450930,0.02537964,0.00011101,0.2404,100.0000,1,0
30,8,-99.00671387,0.99328560,0.00666443,0.00004993,0.2431,100.0000,1,0
30,9,-99.00359344,0.99640322,0.00356044,0.00003634,0.1979,100.0000,1,0
30,10,-99.04812622,0.95187402,0.04796766,0.00015834,0.1251,100.0000,1,0
30,11,-99.00281525,0.99718410,0.00277516,0.00004076,0.2094,100.0000,1,0
30,12,-99.00483704,0.99516499,0.00479167,0.00004333,0.1909,100.0000,1,0
30,13,-99.00202942,0.99797314,0.00199508,0.00003181,0.2170,100.0000,1,0
30,14,-99.00767517,0.99232388,0.00758751,0.00008862,0.2767,100.0000,1,0
30,15,-99.00785828,0.99214125,0.00773176,0.00012702,0.2676,100.0000,1,0
30,16,-99.03428650,0.96571201,0.03411637,0.00017169,0.2563,100.0000,1,0
30,17,-99.00772095,0.99228114,0.00761788,0.00010087,0.2882,100.0000,1,0
30,18,-99.98711395,0.01288785,0.98680669,0.00030538,0.8483,100.0000,2,0
30,19,-99.96971893,0.03027912,0.96939397,0.00032693,0.7265,100.0000,2,0
30,20,-99.00694275,0.99305940,0.00686113,0.00007941,0.3033,100.0000,1,0
31,1,0.01336738,0.01336738,0.98632854,0.00030408,0.8547,0.0000,2,1
31,2,-99.01157379,0.98842353,0.01147131,0.00010528,0.1962,100.0000,1,0
31,3,-99.89221954,0.10778100,0.89108640,0.00113263,0.8054,100.0000,2,0
31,4,-99.01244354,0.98755670,0.01234004,0.00010319,0.1800,100.0000,1,0
31,5,-99.00409698,0.99590540,0.00404010,0.00005445,0.2689,100.0000,1,0
31,6,-99.00545502,0.99454618,0.00538679,0.00006708,0.2794,100.0000,1,0
31,7,-99.00891876,0.99107879,0.00886830,0.00005288,0.2466,100.0000,1,0
31,8,-99.98332977,0.01666788,0.98294628,0.00038591,0.8226,100.0000,2,0
31,9,-99.03147125,0.96853000,0.03133295,0.00013709,0.2131,100.0000,1,0
31,10,-99.96954346,0.03045835,0.96902049,0.00052112,0.7436,100.0000,2,0
31,11,-99.00258636,0.99741387,0.00255093,0.00003521,0.2404,100.0000,1,0
31,12,-99.01271057,0.98729056,0.01264198,0.00006744,0.1900,100.0000,1,0
31,13,-99.01100922,0.98899138,0.01092509,0.00008356,0.2029,100.0000,1,0
31,14,-99.00364685,0.99635661,0.00360536,0.00003805,0.2199,100.0000,1,0
31,15,-99.97441864,0.02557889,0.97411537,0.00030571,0.7777,100.0000,2,0
31,16,-99.01378632,0.98621398,0.01365782,0.00012819,0.2762,100.0000,1,0
31,17,-99.01597595,0.98402417,0.01587356,0.00010231,0.3111,100.0000,1,0
31,18,-99.00425720,0.99574441,0.00420557,0.00005003,0.1938,100.0000,1,0
31,19,-99.02523804,0.97476393,0.02504960,0.00018648,0.2748,100.0000,1,0
31,20,-99.00480652,0.99519265,0.00476083,0.00004648,0.1911,100.0000,1,0
32,1,0.01336738,0.01336738,0.98632854,0.00030408,0.8547,0.0000,2,1
32,2,-99.97550964,0.02448954,0.97510535,0.00040515,0.7601,100.0000,2,0
32,3,-99.03088379,0.96911848,0.03075281,0.00012866,0.3002,100.0000,1,0
32,4,-99.00746155,0.99253708,0.00740931,0.00005361,0.2193,100.0000,1,0
32,5,-99.97980499,0.02019817,0.97945547,0.00034637,0.7853,100.0000,2,0
32,6,-99.02736664,0.97263318,0.02722720,0.00013961,0.1721,100.0000,1,0
32,7,-99.99125671,0.00874302,0.99103725,0.00021974,0.8164,100.0000,2,0
32,8,-99.01307678,0.98692256,0.01298998,0.00008746,0.2523,100.0000,1,0
32,9,-99.01634979,0.98364878,0.01625193,0.00009933,0.3111,100.0000,1,0
32,10,-99.01274109,0.98725557,0.01264569,0.00009874,0.2770,100.0000,1,0
32,11,-99.05279541,0.94720441,0.05264042,0.00015515,0.1869,100.0000,1,0
32,12,-99.00485229,0.99515003,0.00479898,0.00005096,0.1967,100.0000,1,0
32,13,-99.00441742,0.99558169,0.00437960,0.00003874,0.2441,100.0000,1,0
32,14,-99.01366425,0.98633403,0.01360323,0.00006281,0.1790,100.0000,1,0
32,15,-99.98260498,0.01739377,0.98224235,0.00036397,0.8257,100.0000,2,0
32,16,-99.00656891,0.99343276,0.00651643,0.00005079,0.2284,100.0000,1,0
32,17,-99.00899506,0.99100834,0.00892958,0.00006219,0.2393,100.0000,1,0
32,18,-99.83033752,0.16966078,0.82966053,0.00067863,0.6702,100.0000,2,0
32,19,-99.96240997,0.03759122,0.96191269,0.00049605,0.7697,100.0000,2,0
32,20,-99.00880432,0.99119276,0.00875134,0.00005589,0.2085,100.0000,1,0
33,1,0.01336738,0.01336738,0.98632854,0.00030408,0.8547,0.0000,2,1
33,2,-99.66389465,0.33610693,0.66311407,0.00077893,0.6431,100.0000,2,0
33,3,-99.03615570,0.96384531,0.03603415,0.00012047,0.2032,100.0000,1,0
33,4,-99.01029968,0.98970360,0.01023353,0.00006289,0.2473,100.0000,1,0
33,5,-99.98010254,0.01989738,0.97974771,0.00035487,0.8053,100.0000,2,0
33,6,-99.07300568,0.92699564,0.07281842,0.00018584,0.1626,100.0000,1,0
33,7,-99.96711731,0.03288050,0.96680206,0.00031736,0.6151,100.0000,2,0
33,8,-99.03473663,0.96526051,0.03455858,0.00018091,0.3115,100.0000,1,0
33,9,-99.02462006,0.97538131,0.02451292,0.00010579,0.2142,100.0000,1,0
33,10,-99.00530243,0.99469912,0.00525647,0.00004452,0.2410,100.0000,1,0
33,11,-99.00887299,0.99112529,0.00880133,0.00007336,0.2196,100.0000,1,0
33,12,-99.00837708,0.99162614,0.00830777,0.00006612,0.2475,100.0000,1,0
33,13,-99.02005005,0.97995043,0.01997503,0.00007452,0.2079,100.0000,1,0
33,14,-99.06302643,0.93697196,0.06284053,0.00018751,0.2674,100.0000,1,0
33,15,-99.00803375,0.99196303,0.00795659,0.00008046,0.2430,100.0000,1,0
33,16,-99.01942444,0.98057210,0.01932728,0.00010067,0.2574,100.0000,1,0
33,17,-99.96864319,0.03135957,0.96833283,0.00030768,0.6258,100.0000,2,0
33,18,-99.00743103,0.99256814,0.00738288,0.00004904,0.2107,100.0000,1,0
33,19,-99.00592804,0.99407262,0.00587465,0.00005275,0.1711,100.0000,1,0
33,20,-99.01189423,0.98810440,0.01183234,0.00006327,0.1991,100.0000,1,0
34,1,0.01336738,0.01336738,0.98632854,0.00030408,0.8547,0.0000,2,1
34,2,-99.02074432,0.97925264,0.02063362,0.00011369,0.2256,100.0000,1,0
34,3,-99.00753784,0.99246395,0.00746315,0.00007285,0.2725,100.0000,1,0
34,4,-99.01252747,0.98746884,0.01246208,0.00006907,0.1811,100.0000,1,0
34,5,-99.00494385,0.99505711,0.00489910,0.00004380,0.2794,100.0000,1,0
34,6,-99.02301788,0.97698075,0.02294236,0.00007684,0.2000,100.0000,1,0
34,7,-99.97636414,0.02363318,0.97603023,0.00033662,0.8137,100.0000,2,0
34,8,-99.01974487,0.98025471,0.01966030,0.00008501,0.1770,100.0000,1,0
34,9,-99.01230621,0.98769116,0.01220042,0.00010845,0.2853,100.0000,1,0
34,10,-99.02184296,0.97815835,0.02175221,0.00008941,0.2374,100.0000,1,0
34,11,-99.02022552,0.97977531,0.02012477,0.00009988,0.2420,100.0000,1,0
34,12,-99.01799011,0.98201102,0.01789179,0.00009718,0.2708,100.0000,1,0
34,13,-99.96107483,0.03892285,0.96074361,0.00033353,0.7797,100.0000,2,0
34,14,-99.96333313,0.03666490,0.96288747,0.00044765,0.7707,100.0000,2,0
34,15,-99.01152802,0.98847252,0.01146212,0.00006532,0.2533,100.0000,1,0
34,16,-99.00888824,0.99111450,0.00882365,0.00006182,0.2319,100.0000,1,0
34,17,-99.00908661,0.99091548,0.00902849,0.00005594,0.1859,100.0000,1,0
34,18,-99.02069855,0.97929996,0.02061273,0.00008728,0.2312,100.0000,1,0
34,19,-99.96799469,0.03200796,0.96770370,0.00028838,0.7285,100.0000,2,0
34,20,-99.00623322,0.99376476,0.00618186,0.00005333,0.1289,100.0000,1,0
35,1,0.01336738,0.01336738,0.98632854,0.00030408,0.8547,0.0000,2,1
35,2,-99.02044678,0.97955072,0.02033477,0.00011441,0.3027,100.0000,1,0
35,3,-99.05096436,0.94903195,0.05085262,0.00011549,0.2641,100.0000,1,0
35,4,-99.01537323,0.98462439,0.01529219,0.00008342,0.2290,100.0000,1,0
35,5,-99.02103424,0.97896200,0.02089910,0.00013892,0.2702,100.0000,1,0
35,6,-99.00991058,0.99009210,0.00984560,0.00006235,0.1325,100.0000,1,0
35,7,-99.97247314,0.02752600,0.97218287,0.00029112,0.7752,100.0000,2,0
35,8,-99.00592041,0.99408203,0.00586726,0.00005072,0.2265,100.0000,1,0
35,9,-99.01272583,0.98727542,0.01262526,0.00009927,0.2868,100.0000,1,0
35,10,-99.02146912,0.97853070,0.02139339,0.00007594,0.1754,100.0000,1,0
35,11,-99.00637817,0.99362552,0.00631042,0.00006411,0.2320,100.0000,1,0
35,12,-99.00825500,0.99174374,0.00820493,0.00005125,0.2247,100.0000,1,0
35,13,-99.00555420,0.99444419,0.00549729,0.00005851,0.2762,100.0000,1,0
35,14,-99.01795959,0.98204136,0.01788417,0.00007446,0.1672,100.0000,1,0
35,15,-99.01731110,0.98268777,0.01722780,0.00008442,0.1712,100.0000,1,0
35,16,-99.00995636,0.99004489,0.00988913,0.00006593,0.2529,100.0000,1,0
35,17,-99.98249054,0.01751204,0.98210722,0.00038068,0.7373,100.0000,2,0
35,18,-99.02570343,0.97429776,0.02559230,0.00010999,0.3029,100.0000,1,0
35,19,-99.00574493,0.99425852,0.00568287,0.00005850,0.2092,100.0000,1,0
35,20,-99.00894928,0.99105400,0.00886610,0.00007983,0.2713,100.0000,1,0
36,1,0.01336738,0.01336738,0.98632854,0.00030408,0.8547,0.0000,2,1
36,2,-99.02494812,0.97505307,0.02485376,0.00009307,0.1972,100.0000,1,0
36,3,-99.01156616,0.98843586,0.01150050,0.00006361,0.2056,100.0000,1,0
36,4,-99.00659943,0.99340230,0.00653344,0.00006429,0.2600,100.0000,1,0
36,5,-99.01377106,0.98622793,0.01367632,0.00009587,0.2625,100.0000,1,0
36,6,-99.00671387,0.99328583,0.00665159,0.00006250,0.2676,100.0000,1,0
36,7,-99.00638580,0.99361718,0.00632082,0.00006210,0.2542,100.0000,1,0
36,8,-99.01009369,0.98990393,0.01003465,0.00006151,0.2874,100.0000,1,0
36,9,-99.00653076,0.99346656,0.00647476,0.00005873,0.1533,100.0000,1,0
36,10,-99.01210022,0.98789853,0.01202324,0.00007819,0.1549,100.0000,1,0
36,11,-99.01909637,0.98090565,0.01897965,0.00011469,0.2394,100.0000,1,0
36,12,-99.00968933,0.99030954,0.00961530,0.00007520,0.2700,100.0000,1,0
36,13,-99.03164673,0.96835536,0.03149788,0.00014670,0.2730,100.0000,1,0
36,14,-99.97324371,0.02675386,0.97296631,0.00027991,0.6999,100.0000,2,0
36,15,-99.01048279,0.98951948,0.01039957,0.00008087,0.2495,100.0000,1,0
36,16,-99.00956726,0.99042952,0.00948462,0.00008589,0.2517,100.0000,1,0
36,17,-99.00432587,0.99567705,0.00427342,0.00004948,0.2708,100.0000,1,0
36,18,-99.01100922,0.98899019,0.01094547,0.00006437,0.2495,100.0000,1,0
36,19,-99.00976562,0.99023646,0.00969535,0.00006826,0.3037,100.0000,1,0
36,20,-99.00493622,0.99506336,0.00487241,0.00006415,0.2570,100.0000,1,0
37,1,0.01336738,0.01336738,0.98632854,0.00030408,0.8547,0.0000,2,1
37,2,-99.97777557,0.02222124,0.97741938,0.00035938,0.7761,100.0000,2,0
37,3,-99.00946808,0.99053127,0.00938664,0.00008203,0.2562,100.0000,1,0
37,4,-99.01305389,0.98694950,0.01296719,0.00008331,0.2819,100.0000,1,0
37,5,-99.01117706,0.98882467,0.01109686,0.00007845,0.2501,100.0000,1,0
37,6,-99.94254303,0.05745448,0.94212717,0.00041834,0.6864,100.0000,2,0
37,7,-99.02133179,0.97867101,0.02121819,0.00011079,0.2472,100.0000,1,0
37,8,-99.00829315,0.99170685,0.00822651,0.00006673,0.2782,100.0000,1,0
37,9,-99.00855255,0.99144894,0.00848330,0.00006767,0.2748,100.0000,1,0
37,10,-99.00650024,0.99350280,0.00643801,0.00005921,0.2792,100.0000,1,0
37,11,-99.01197052,0.98802865,0.01189877,0.00007251,0.2334,100.0000,1,0
37,12,-99.01031494,0.98968750,0.01023008,0.00008246,0.2676,100.0000,1,0
37,13,-99.00633240,0.99367046,0.00625981,0.00006961,0.1524,100.0000,1,0
37,14,-99.96228790,0.03771104,0.96188104,0.00040787,0.7409,100.0000,2,0
37,15,-99.00470734,0.99529582,0.00465404,0.00005019,0.1698,100.0000,1,0
37,16,-99.01377106,0.98623115,0.01369929,0.00006955,0.2701,100.0000,1,0
37,17,-99.00600433,0.99399745,0.00594097,0.00006158,0.2316,100.0000,1,0
37,18,-99.97731781,0.02268285,0.97696656,0.00035051,0.7851,100.0000,2,0
37,19,-99.01301575,0.98698771,0.01291569,0.00009661,0.2999,100.0000,1,0
37,20,-99.00723267,0.99277037,0.00716632,0.00006328,0.2720,100.0000,1,0
38,1,0.01336738,0.01336738,0.98632854,0.00030408,0.8547,0.0000,2,1
38,2,-99.98355865,0.01644502,0.98320985,0.00034510,0.7802,100.0000,2,0
38,3,-99.00664520,0.99335539,0.00658251,0.00006213,0.2016,100.0000,1,0
38,4,-99.00897217,0.99103153,0.00888197,0.00008649,0.2198,100.0000,1,0
38,5,-99.01331329,0.98668516,0.01323176,0.00008302,0.1583,100.0000,1,0
38,6,-99.00785828,0.99214256,0.00780252,0.00005493,0.1409,100.0000,1,0
38,7,-99.01099396,0.98900723,0.01091089,0.00008190,0.2491,100.0000,1,0
38,8,-99.00946808,0.99053520,0.00938915,0.00007573,0.2172,100.0000,1,0
38,9,-99.00746155,0.99253970,0.00738740,0.00007292,0.2275,100.0000,1,0
38,10,-99.00749969,0.99249750,0.00744050,0.00006199,0.2608,100.0000,1,0
38,11,-99.00587463,0.99412656,0.00581899,0.00005442,0.1760,100.0000,1,0
38,12,-99.01669312,0.98330587,0.01660886,0.00008519,0.2359,100.0000,1,0
38,13,-99.00737000,0.99262744,0.00729887,0.00007369,0.1145,100.0000,1,0
38,14,-99.01440430,0.98559201,0.01433118,0.00007680,0.3012,100.0000,1,0
38,15,-99.01715088,0.98284853,0.01704565,0.00010581,0.2700,100.0000,1,0
38,16,-99.00347900,0.99652302,0.00343633,0.00004068,0.2219,100.0000,1,0
38,17,-99.00688171,0.99311596,0.00681527,0.00006880,0.1627,100.0000,1,0
38,18,-99.00497437,0.99502194,0.00492303,0.00005509,0.2795,100.0000,1,0
38,19,-99.02553558,0.97446775,0.02541261,0.00011964,0.2779,100.0000,1,0
38,20,-99.01518250,0.98482001,0.01509751,0.00008250,0.2754,100.0000,1,0
39,1,0.01336738,0.01336738,0.98632854,0.00030408,0.8547,0.0000,2,1
39,2,-99.02491760,0.97508371,0.02480552,0.00011080,0.2106,100.0000,1,0
39,3,-99.02119446,0.97880405,0.02108932,0.00010662,0.2566,100.0000,1,0
39,4,-99.02013397,0.97986907,0.02002252,0.00010835,0.2550,100.0000,1,0
39,5,-99.02744293,0.97255582,0.02732868,0.00011548,0.1786,100.0000,1,0
39,6,-99.00374603,0.99625492,0.00370300,0.00004209,0.1957,100.0000,1,0
39,7,-99.97510529,0.02489427,0.97478753,0.00031814,0.6713,100.0000,2,0
39,8,-99.02072144,0.97927684,0.02062678,0.00009629,0.1574,100.0000,1,0
39,9,-99.01097870,0.98902321,0.01088888,0.00008798,0.2288,100.0000,1,0
39,10,-99.00629425,0.99370897,0.00621346,0.00007762,0.1623,100.0000,1,0
39,11,-99.00952911,0.99047077,0.00946407,0.00006517,0.1727,100.0000,1,0
39,12,-99.01987457,0.98012388,0.01975295,0.00012314,0.2201,100.0000,1,0
39,13,-99.01140594,0.98859102,0.01133095,0.00007800,0.1293,100.0000,1,0
39,14,-99.01956177,0.98043710,0.01948131,0.00008158,0.2659,100.0000,1,0
39,15,-99.97716522,0.02283563,0.97686076,0.00030356,0.7335,100.0000,2,0
39,16,-99.03578186,0.96421534,0.03566581,0.00011891,0.2745,100.0000,1,0
39,17,-99.01408386,0.98591679,0.01401305,0.00007015,0.1491,100.0000,1,0
39,18,-99.00640869,0.99359047,0.00633664,0.00007285,0.1248,100.0000,1,0
39,19,-99.01510620,0.98489422,0.01502033,0.00008545,0.1747,100.0000,1,0
39,20,-99.96817017,0.03182750,0.96782380,0.00034868,0.7306,100.0000,2,0
40,1,0.01336738,0.01336738,0.98632854,0.00030408,0.8547,0.0000,2,1
40,2,-99.00843811,0.99155807,0.00836440,0.00007757,0.1363,100.0000,1,0
40,3,-99.01644897,0.98355192,0.01633257,0.00011551,0.1315,100.0000,1,0
40,4,-99.02391815,0.97608542,0.02379368,0.00012090,0.1900,100.0000,1,0
40,5,-99.98114777,0.01885530,0.98080635,0.00033837,0.7854,100.0000,2,0
40,6,-99.96957397,0.03042757,0.96922237,0.00035004,0.7489,100.0000,2,0
40,7,-99.03745270,0.96254647,0.03731128,0.00014230,0.2358,100.0000,1,0
40,8,-99.00814819,0.99185210,0.00806605,0.00008179,0.1593,100.0000,1,0
40,9,-99.02020264,0.97980052,0.02010383,0.00009567,0.1780,100.0000,1,0
40,10,-99.97476959,0.02522792,0.97432512,0.00044694,0.7512,100.0000,2,0
40,11,-99.00640869,0.99358845,0.00635792,0.00005366,0.2139,100.0000,1,0
40,12,-99.00659180,0.99340773,0.00651849,0.00007374,0.1433,100.0000,1,0
40,13,-99.00953674,0.99046177,0.00947888,0.00005941,0.1621,100.0000,1,0
40,14,-99.00172424,0.99827731,0.00169560,0.00002716,0.2116,100.0000,1,0
40,15,-99.01087189,0.98913026,0.01078397,0.00008576,0.1347,100.0000,1,0
40,16,-99.01077271,0.98922765,0.01070068,0.00007168,0.1155,100.0000,1,0
40,17,-99.01298523,0.98701352,0.01287896,0.00010759,0.1474,100.0000,1,0
40,18,-99.00957489,0.99042261,0.00947917,0.00009819,0.1292,100.0000,1,0
40,19,-99.03349304,0.96650654,0.03337139,0.00012201,0.1502,100.0000,1,0
40,20,-99.01650238,0.98350096,0.01641015,0.00008883,0.2141,100.0000,1,0
41,1,0.01336738,0.01336738,0.98632854,0.00030408,0.8547,0.0000,2,1
41,2,-99.95552826,0.04447410,0.95505130,0.00047465,0.5709,100.0000,2,0
41,3,-99.01284027,0.98715615,0.01274311,0.00010070,0.2154,100.0000,1,0
41,4,-99.97177887,0.02821891,0.97131956,0.00046157,0.7764,100.0000,2,0
41,5,-99.01282501,0.98717391,0.01274801,0.00007819,0.1232,100.0000,1,0
41,6,-99.00558472,0.99441260,0.00553938,0.00004806,0.2020,100.0000,1,0
41,7,-99.03233337,0.96766961,0.03222962,0.00010074,0.1653,100.0000,1,0
41,8,-99.00837708,0.99162465,0.00831949,0.00005589,0.2471,100.0000,1,0
41,9,-99.02676392,0.97323924,0.02660934,0.00015139,0.1595,100.0000,1,0
41,10,-99.01006317,0.98993367,0.01000050,0.00006587,0.2192,100.0000,1,0
41,11,-99.00408936,0.99591053,0.00404723,0.00004225,0.2059,100.0000,1,0
41,12,-99.01018524,0.98981804,0.01009148,0.00009052,0.1952,100.0000,1,0
41,13,-99.00937653,0.99062502,0.00931204,0.00006289,0.2193,100.0000,1,0
41,14,-99.97145844,0.02853805,0.97100037,0.00046163,0.8138,100.0000,2,0
41,15,-99.01974487,0.98025537,0.01964146,0.00010317,0.1384,100.0000,1,0
41,16,-99.97956085,0.02044181,0.97921276,0.00034538,0.6424,100.0000,2,0
41,17,-99.02561951,0.97437912,0.02548630,0.00013467,0.1644,100.0000,1,0
41,18,-99.00125122,0.99875200,0.00122083,0.00002710,0.2282,100.0000,1,0
41,19,-99.00570679,0.99429649,0.00562941,0.00007412,0.1461,100.0000,1,0
41,20,-99.01159668,0.98840082,0.01150549,0.00009362,0.1650,100.0000,1,0
42,1,0.01336738,0.01336738,0.98632854,0.00030408,0.8547,0.0000,2,1
42,2,-99.94351196,0.05648938,0.94306314,0.00044749,0.6723,100.0000,2,0
42,3,-99.02656555,0.97343528,0.02643862,0.00012601,0.1765,100.0000,1,0
42,4,-99.03466034,0.96533692,0.03455104,0.00011212,0.2746,100.0000,1,0
42,5,-99.01640320,0.98359758,0.01632945,0.00007292,0.2434,100.0000,1,0
42,6,-99.00411224,0.99588996,0.00407004,0.00004000,0.2679,100.0000,1,0
42,7,-99.02418518,0.97581851,0.02403501,0.00014651,0.1933,100.0000,1,0
42,8,-99.03547668,0.96452236,0.03530919,0.00016839,0.1670,100.0000,1,0
42,9,-99.01333618,0.98666686,0.01321911,0.00011405,0.2177,100.0000,1,0
42,10,-99.00230408,0.99769551,0.00226675,0.00003772,0.2259,100.0000,1,0
42,11,-99.00736237,0.99263811,0.00730599,0.00005585,0.1991,100.0000,1,0
42,12,-99.98404694,0.01595523,0.98371905,0.00032572,0.6997,100.0000,2,0
42,13,-99.01260376,0.98739737,0.01254239,0.00006025,0.2108,100.0000,1,0
42,14,-99.01631165,0.98369157,0.01622866,0.00007972,0.2286,100.0000,1,0
42,15,-99.02167511,0.97832847,0.02158024,0.00009127,0.2467,100.0000,1,0
42,16,-99.93172455,0.06827284,0.93130553,0.00042166,0.7930,100.0000,2,0
42,17,-99.02143097,0.97857189,0.02132876,0.00009941,0.2206,100.0000,1,0
42,18,-99.00871277,0.99128622,0.00862056,0.00009327,0.2017,100.0000,1,0
42,19,-99.00538635,0.99461335,0.00531298,0.00007363,0.1652,100.0000,1,0
42,20,-99.01150513,0.98849481,0.01143531,0.00006986,0.1835,100.0000,1,0
43,1,0.01336738,0.01336738,0.98632854,0.00030408,0.8547,0.0000,2,1
43,2,-99.00954437,0.99045873,0.00948064,0.00006062,0.1898,100.0000,1,0
43,3,-99.00824738,0.99175489,0.00816408,0.00008096,0.2154,100.0000,1,0
43,4,-99.00650024,0.99349952,0.00641908,0.00008148,0.1314,100.0000,1,0
43,5,-99.01854706,0.98145306,0.01846263,0.00008421,0.2890,100.0000,1,0
43,6,-99.00456238,0.99543637,0.00451590,0.00004774,0.2584,100.0000,1,0
43,7,-99.04689789,0.95310044,0.04673292,0.00016656,0.2170,100.0000,1,0
43,8,-99.01519012,0.98480636,0.01508631,0.00010725,0.1458,100.0000,1,0
43,9,-99.00730133,0.99269897,0.00723074,0.00007023,0.1828,100.0000,1,0
43,10,-99.98993683,0.01006147,0.98964453,0.00029402,0.6127,100.0000,2,0
43,11,-99.05989838,0.94010526,0.05972965,0.00016508,0.2077,100.0000,1,0
43,12,-99.00266266,0.99733633,0.00262139,0.00004223,0.2361,100.0000,1,0
43,13,-99.01148224,0.98851472,0.01142008,0.00006514,0.1964,100.0000,1,0
43,14,-99.01720428,0.98279381,0.01712795,0.00007822,0.2879,100.0000,1,0
43,15,-99.01691437,0.98308533,0.01682644,0.00008822,0.1925,100.0000,1,0
43,16,-99.01168823,0.98831314,0.01161957,0.00006730,0.2458,100.0000,1,0
43,17,-99.01226807,0.98773521,0.01215382,0.00011091,0.1537,100.0000,1,0
43,18,-99.01004791,0.98994982,0.00997759,0.00007254,0.2218,100.0000,1,0
43,19,-99.01065063,0.98934633,0.01057380,0.00007984,0.1413,100.0000,1,0
43,20,-99.01233673,0.98766148,0.01226098,0.00007754,0.2801,100.0000,1,0
44,1,0.01336738,0.01336738,0.98632854,0.00030408,0.8547,0.0000,2,1
44,2,-99.04488373,0.95511335,0.04471717,0.00016943,0.1842,100.0000,1,0
44,3,-99.00615692,0.99384660,0.00608140,0.00007209,0.1277,100.0000,1,0
44,4,-99.96895599,0.03104681,0.96862721,0.00032599,0.7506,100.0000,2,0
44,5,-99.03207397,0.96792746,0.03197448,0.00009809,0.2124,100.0000,1,0
44,6,-99.95306396,0.04693845,0.95246804,0.00059346,0.7658,100.0000,2,0
44,7,-99.02457428,0.97542840,0.02448612,0.00008552,0.2167,100.0000,1,0
44,8,-99.00590515,0.99409807,0.00585187,0.00005014,0.2504,100.0000,1,0
44,9,-99.00605011,0.99395037,0.00598481,0.00006487,0.2159,100.0000,1,0
44,10,-99.01462555,0.98537308,0.01451624,0.00011063,0.2202,100.0000,1,0
44,11,-99.03069305,0.96930814,0.03057971,0.00011204,0.2521,100.0000,1,0
44,12,-99.00973511,0.99026382,0.00964384,0.00009229,0.1511,100.0000,1,0
44,13,-99.97635651,0.02364068,0.97590804,0.00045124,0.7153,100.0000,2,0
44,14,-99.00793457,0.99206650,0.00785993,0.00007352,0.1255,100.0000,1,0
44,15,-99.00955200,0.99044561,0.00948076,0.00007358,0.2139,100.0000,1,0
44,16,-99.97097015,0.02902852,0.97047848,0.00049305,0.8119,100.0000,2,0
44,17,-99.00643921,0.99356091,0.00638910,0.00004995,0.2493,100.0000,1,0
44,18,-99.01961517,0.98038304,0.01949526,0.00012177,0.2487,100.0000,1,0
44,19,-99.00585938,0.99414307,0.00579722,0.00005977,0.2513,100.0000,1,0
44,20,-99.00728607,0.99271131,0.00720959,0.00007913,0.1971,100.0000,1,0
45,1,0.01336738,0.01336738,0.98632854,0.00030408,0.8547,0.0000,2,1
45,2,-99.00969696,0.99030674,0.00963309,0.00006024,0.2639,100.0000,1,0
45,3,-99.01525879,0.98473883,0.01514908,0.00011206,0.2057,100.0000,1,0
45,4,-99.00752258,0.99248028,0.00745398,0.00006582,0.1324,100.0000,1,0
45,5,-99.01596069,0.98404086,0.01585198,0.00010708,0.2529,100.0000,1,0
45,6,-99.01290894,0.98708773,0.01282749,0.00008487,0.1593,100.0000,1,0
45,7,-99.01188660,0.98811555,0.01182116,0.00006325,0.1713,100.0000,1,0
45,8,-99.01309967,0.98689693,0.01299137,0.00011179,0.1951,100.0000,1,0
45,9,-99.00631714,0.99368155,0.00625280,0.00006560,0.1710,100.0000,1,0
45,10,-99.02526855,0.97472769,0.02513973,0.00013263,0.1502,100.0000,1,0
45,11,-99.00482941,0.99517006,0.00477356,0.00005629,0.1545,100.0000,1,0
45,12,-99.00370026,0.99630004,0.00365129,0.00004864,0.2656,100.0000,1,0
45,13,-99.01384735,0.98615396,0.01376498,0.00008112,0.2798,100.0000,1,0
45,14,-99.96680450,0.03319271,0.96622187,0.00058541,0.8292,100.0000,2,0
45,15,-99.01483917,0.98515826,0.01476534,0.00007630,0.2066,100.0000,1,0
45,16,-99.97260284,0.02739953,0.97221923,0.00038114,0.8068,100.0000,2,0
45,17,-99.00773621,0.99226236,0.00765683,0.00008076,0.2491,100.0000,1,0
45,18,-99.06115723,0.93884486,0.06093477,0.00022040,0.1704,100.0000,1,0
45,19,-99.00858307,0.99141639,0.00850993,0.00007365,0.2504,100.0000,1,0
45,20,-99.00910187,0.99090183,0.00899527,0.00010284,0.2284,100.0000,1,0
46,1,0.01336738,0.01336738,0.98632854,0.00030408,0.8547,0.0000,2,1
46,2,-99.00611115,0.99388921,0.00604218,0.00006856,0.2278,100.0000,1,0
46,3,-99.00726318,0.99273622,0.00719975,0.00006404,0.1480,100.0000,1,0
46,4,-99.00569153,0.99431229,0.00560772,0.00008001,0.1776,100.0000,1,0
46,5,-99.00661469,0.99338818,0.00655280,0.00005896,0.2689,100.0000,1,0
46,6,-99.02902985,0.97096640,0.02894390,0.00008975,0.2157,100.0000,1,0
46,7,-99.98992920,0.01006733,0.98967934,0.00025325,0.8078,100.0000,2,0
46,8,-99.01286316,0.98713672,0.01277781,0.00008540,0.1529,100.0000,1,0
46,9,-99.01226044,0.98774326,0.01216189,0.00009486,0.1632,100.0000,1,0
46,10,-99.01119232,0.98880476,0.01111389,0.00008132,0.2518,100.0000,1,0
46,11,-99.01161957,0.98838347,0.01154607,0.00007050,0.2415,100.0000,1,0
46,12,-99.00318909,0.99681360,0.00313289,0.00005343,0.2423,100.0000,1,0
46,13,-99.97925568,0.02074747,0.97896302,0.00028957,0.7689,100.0000,2,0
46,14,-99.00568390,0.99431944,0.00562748,0.00005306,0.2441,100.0000,1,0
46,15,-99.00518799,0.99481273,0.00512428,0.00006294,0.1594,100.0000,1,0
46,16,-99.97602081,0.02397948,0.97571576,0.00030473,0.7345,100.0000,2,0
46,17,-99.01568604,0.98431432,0.01556219,0.00012355,0.2162,100.0000,1,0
46,18,-99.00875854,0.99124509,0.00867329,0.00008168,0.2016,100.0000,1,0
46,19,-99.00683594,0.99316746,0.00676960,0.00006304,0.2077,100.0000,1,0
46,20,-99.97958374,0.02041278,0.97926188,0.00032530,0.7942,100.0000,2,0
47,1,0.01336738,0.01336738,0.98632854,0.00030408,0.8547,0.0000,2,1
47,2,-99.00732422,0.99267781,0.00724145,0.00008066,0.1740,100.0000,1,0
47,3,-99.00827026,0.99172747,0.00820330,0.00006930,0.2208,100.0000,1,0
47,4,-99.02429199,0.97571182,0.02417959,0.00010866,0.2188,100.0000,1,0
47,5,-99.00826263,0.99173659,0.00819256,0.00007079,0.1603,100.0000,1,0
47,6,-99.01425934,0.98574394,0.01416813,0.00008791,0.2152,100.0000,1,0
47,7,-99.00863647,0.99136227,0.00855405,0.00008372,0.2010,100.0000,1,0
47,8,-99.00566864,0.99433243,0.00559358,0.00007400,0.1644,100.0000,1,0
47,9,-99.52256012,0.47744101,0.52205783,0.00050113,0.5945,100.0000,2,0
47,10,-99.01238251,0.98761439,0.01229496,0.00009069,0.2055,100.0000,1,0
47,11,-99.01141357,0.98858953,0.01133550,0.00007495,0.2261,100.0000,1,0
47,12,-99.00931549,0.99068695,0.00922578,0.00008729,0.1497,100.0000,1,0
47,13,-99.02301025,0.97699171,0.02288130,0.00012695,0.1913,100.0000,1,0
47,14,-99.00753021,0.99247050,0.00744624,0.00008329,0.2409,100.0000,1,0
47,15,-99.01412201,0.98587650,0.01403626,0.00008717,0.1495,100.0000,1,0
47,16,-99.98355103,0.01644772,0.98319465,0.00035755,0.7625,100.0000,2,0
47,17,-99.00811768,0.99188352,0.00804987,0.00006661,0.1879,100.0000,1,0
47,18,-99.01753998,0.98245692,0.01745066,0.00009246,0.2131,100.0000,1,0
47,19,-99.01084900,0.98914778,0.01078472,0.00006760,0.2467,100.0000,1,0
47,20,-99.00946808,0.99052924,0.00939226,0.00007857,0.2184,100.0000,1,0
48,1,0.01336738,0.01336738,0.98632854,0.00030408,0.8547,0.0000,2,1
48,2,-99.01335907,0.98664135,0.01327604,0.00008269,0.1922,100.0000,1,0
48,3,-99.01451111,0.98548961,0.01442122,0.00008920,0.2682,100.0000,1,0
48,4,-99.01525116,0.98474610,0.01516167,0.00009229,0.1861,100.0000,1,0
48,5,-99.00730133,0.99270028,0.00722134,0.00007848,0.1810,100.0000,1,0
48,6,-99.00839996,0.99160248,0.00831093,0.00008658,0.1547,100.0000,1,0
48,7,-99.01346588,0.98653245,0.01338849,0.00007906,0.2446,100.0000,1,0
48,8,-99.02040100,0.97959852,0.02029488,0.00010662,0.2482,100.0000,1,0
48,9,-99.00711823,0.99288541,0.00703689,0.00007768,0.2027,100.0000,1,0
48,10,-99.01741028,0.98258775,0.01731206,0.00010019,0.2483,100.0000,1,0
48,11,-99.00729370,0.99270248,0.00721624,0.00008132,0.1605,100.0000,1,0
48,12,-99.97157288,0.02842674,0.97126591,0.00030738,0.7565,100.0000,2,0
48,13,-99.01515961,0.98484105,0.01502461,0.00013431,0.2041,100.0000,1,0
48,14,-99.98043060,0.01956794,0.98003668,0.00039536,0.8331,100.0000,2,0
48,15,-99.01683044,0.98316610,0.01674005,0.00009390,0.1485,100.0000,1,0
48,16,-99.01358795,0.98641485,0.01350052,0.00008470,0.2122,100.0000,1,0
48,17,-99.97592926,0.02407023,0.97551948,0.00041026,0.8193,100.0000,2,0
48,18,-99.00776672,0.99223316,0.00768558,0.00008123,0.1822,100.0000,1,0
48,19,-99.01042938,0.98957205,0.01034217,0.00008578,0.1579,100.0000,1,0
48,20,-99.02529144,0.97470665,0.02516592,0.00012741,0.2750,100.0000,1,0
49,1,0.01336738,0.01336738,0.98632854,0.00030408,0.8547,0.0000,2,1
49,2,-99.95448303,0.04551363,0.95410788,0.00037854,0.6700,100.0000,2,0
49,3,-99.00711823,0.99288177,0.00703811,0.00008017,0.1253,100.0000,1,0
49,4,-99.01580048,0.98419607,0.01571075,0.00009321,0.2367,100.0000,1,0
49,5,-99.97472382,0.02527533,0.97440493,0.00031978,0.7885,100.0000,2,0
49,6,-99.01824951,0.98174679,0.01813985,0.00011345,0.1452,100.0000,1,0
49,7,-99.01187134,0.98812824,0.01176803,0.00010377,0.2218,100.0000,1,0
49,8,-99.01210785,0.98789293,0.01198744,0.00011968,0.1858,100.0000,1,0
49,9,-99.00432587,0.99567395,0.00426219,0.00006389,0.1877,100.0000,1,0
49,10,-99.00921631,0.99078441,0.00914127,0.00007427,0.1879,100.0000,1,0
49,11,-99.02040863,0.97959328,0.02030216,0.00010456,0.1950,100.0000,1,0
49,12,-99.01055908,0.98944151,0.01046507,0.00009344,0.1641,100.0000,1,0
49,13,-99.01715851,0.98284191,0.01704097,0.00011707,0.1500,100.0000,1,0
49,14,-99.01052856,0.98946863,0.01044895,0.00008244,0.1453,100.0000,1,0
49,15,-99.01419830,0.98580432,0.01409871,0.00009700,0.1481,100.0000,1,0
49,16,-99.00904846,0.99095321,0.00896043,0.00008630,0.1865,100.0000,1,0
49,17,-99.00901794,0.99098361,0.00893594,0.00008049,0.1924,100.0000,1,0
49,18,-99.01833344,0.98166347,0.01824031,0.00009624,0.2208,100.0000,1,0
49,19,-99.97349548,0.02650629,0.97314262,0.00035114,0.7842,100.0000,2,0
49,20,-99.00838470,0.99161834,0.00831654,0.00006508,0.1395,100.0000,1,0
50,1,0.01336738,0.01336738,0.98632854,0.00030408,0.8547,0.0000,2,1
50,2,-99.01425171,0.98574555,0.01415828,0.00009615,0.1794,100.0000,1,0
50,3,-99.00994110,0.99005777,0.00985888,0.00008330,0.1798,100.0000,1,0
50,4,-99.03247070,0.96752590,0.03230235,0.00017171,0.1774,100.0000,1,0
50,5,-99.97342682,0.02657369,0.97252953,0.00089676,0.7582,100.0000,2,0
50,6,-99.02159119,0.97841245,0.02145528,0.00013225,0.2312,100.0000,1,0
50,7,-99.96530151,0.03470078,0.96485949,0.00043971,0.7871,100.0000,2,0
50,8,-99.01406097,0.98593998,0.01393845,0.00012155,0.2273,100.0000,1,0
50,9,-99.00962067,0.99037790,0.00954018,0.00008195,0.1655,100.0000,1,0
50,10,-99.00787354,0.99212545,0.00778703,0.00008749,0.1924,100.0000,1,0
50,11,-99.01518250,0.98481596,0.01509078,0.00009333,0.2067,100.0000,1,0
50,12,-99.97994995,0.02005339,0.97967529,0.00027126,0.7932,100.0000,2,0
50,13,-99.00889587,0.99110574,0.00881354,0.00008067,0.1403,100.0000,1,0
50,14,-99.01866150,0.98134089,0.01855141,0.00010772,0.1725,100.0000,1,0
50,15,-99.01444244,0.98555899,0.01433132,0.00010978,0.2198,100.0000,1,0
50,16,-99.98310852,0.01689359,0.98275155,0.00035490,0.8262,100.0000,2,0
50,17,-99.97697449,0.02302461,0.97659236,0.00038303,0.7329,100.0000,2,0
50,18,-99.02191162,0.97808826,0.02181606,0.00009570,0.1326,100.0000,1,0
50,19,-99.00987244,0.99013013,0.00978940,0.00008054,0.1892,100.0000,1,0
50,20,-99.01381683,0.98618197,0.01372617,0.00009178,0.2034,100.0000,1,0
